227,5,1,2,0,3,0,3,3,2,1,2,1,1,0,1,0,2,3,1,2,3,1,3,0,0,3,3,2,0,2,2,2,0,2,3,3,2,1,3,3,3,3,1,1,2,0,1,0,0,2,3,1,3,3,0,3,0,2,0,3,0,3,1,0,3,3,2,2,1,1,2,1,1,3,3,1,3,2,0,2,1,1,0,3,0,2,2,1,1,2,0,2,0,0,2,1,0,2,0,2,1,0,0,3,2,3,3,0,2,0,2,2,1,3,1,3,1,2,1,1,0,3,1,1,0,1,0,2,0,1,171c716c8617b9b0ce9011bcb3fe0852747431b6910b9df276d8c21437599665,1
69,14,10,1,0,1,2,2,3,2,3,1,0,0,0,2,1,3,2,1,2,1,2,3,0,0,1,3,0,0,1,0,0,0,3,1,3,2,1,3,2,3,2,2,1,1,2,3,0,1,3,3,2,3,0,0,3,1,3,0,2,0,2,1,2,3,3,1,1,1,2,3,0,2,3,2,0,1,3,2,3,0,2,0,0,0,3,3,2,2,1,1,1,0,0,0,3,2,3,0,3,3,3,1,3,3,2,2,3,1,1,1,2,1,1,2,1,0,0,3,1,1,2,2,2,0,0,2,0,0,1,021498b27a357971b2ceb179b89b9ffc4963cd6b489067cba30aa62fcfed82b9,1
86,11,14,2,1,0,3,3,3,2,3,0,1,0,0,0,0,3,0,0,2,1,3,3,0,3,0,2,2,1,3,1,2,2,1,2,3,2,1,2,0,3,1,2,0,0,3,2,0,1,3,2,1,3,2,0,1,3,1,0,1,1,1,1,2,3,0,3,0,1,2,1,2,2,0,1,1,0,1,0,1,0,0,0,1,1,0,1,3,0,1,1,3,3,2,2,3,0,3,3,3,3,0,1,3,3,3,3,2,2,2,1,2,0,1,1,0,2,2,0,2,0,3,2,3,2,2,3,2,1,2,ee090c9008af2d95dc444e1273f0c8094715421243af883bfdefacae721788df,1
4,3,10,2,0,1,2,3,3,2,0,2,0,0,1,3,0,3,2,1,1,2,2,3,0,2,1,3,1,0,1,1,1,1,3,2,3,1,3,2,3,2,3,1,1,3,2,2,1,1,3,1,0,1,0,0,3,0,3,0,2,0,3,0,3,0,3,2,3,0,0,3,0,0,3,3,2,3,3,1,3,0,0,0,0,0,3,3,1,3,2,0,0,2,2,1,0,1,3,1,2,1,0,1,2,2,1,3,1,2,2,2,1,2,1,2,2,2,0,3,1,0,3,2,2,1,2,1,0,0,1,9b83b9ad2d8a207e293f1a545e5d59598ced7fb6da33e3716b2804f6464ddb12,1
18,11,5,1,1,1,0,2,3,2,3,3,1,0,1,1,1,3,3,2,1,3,3,3,0,0,0,3,1,0,1,2,0,2,3,0,3,3,3,3,1,2,3,0,0,2,2,3,3,1,3,1,0,1,0,0,3,0,3,2,3,0,3,2,1,2,2,1,2,0,0,3,1,0,3,2,2,2,3,2,3,1,3,0,1,1,3,1,1,3,2,0,0,1,0,2,0,1,1,2,3,2,0,0,2,3,0,0,0,0,1,0,2,2,1,1,2,1,1,3,2,2,2,2,2,2,1,1,0,0,2,b5ba07e70ae8556d29e5fee3224179de1a1a2a40cae14ff11113da4edce4ab3f,1
243,3,12,2,0,2,3,2,3,2,1,1,0,0,2,1,0,2,2,0,1,2,3,3,0,0,1,3,2,0,2,0,0,3,2,1,3,1,3,3,3,1,3,0,0,3,2,2,0,0,3,1,1,2,1,0,3,0,3,0,3,1,2,1,2,1,3,2,3,0,0,3,0,0,3,3,1,3,3,2,3,1,2,0,1,0,3,2,1,1,1,0,1,2,0,1,1,1,2,0,3,2,0,2,2,2,2,3,0,2,2,1,0,2,1,3,2,1,0,3,1,1,3,3,3,1,2,1,0,0,1,e4612ea29cf737bdef61dbc87a5b711f45f4263c28fe820d0a656004c9b59174,1
178,15,11,3,1,0,2,2,3,3,1,1,0,0,2,2,0,2,3,1,1,2,3,3,0,3,0,3,0,1,0,2,0,0,3,0,3,3,2,1,2,0,3,2,1,3,3,2,0,2,3,1,1,1,0,0,3,0,3,1,2,0,2,1,1,1,3,2,3,1,0,3,2,1,3,3,2,2,2,2,2,0,3,1,0,1,3,3,0,2,1,1,0,2,0,0,1,0,3,1,3,0,0,1,1,3,3,0,0,3,2,2,2,1,1,3,2,2,2,3,2,0,1,1,1,2,2,0,1,0,1,2294083a6c4021405ad66e41145b474795bdbfc12006b1399f1c3d78cb68c7cb,1
130,12,8,1,0,2,0,3,3,1,1,2,0,2,0,3,0,3,2,0,3,3,3,3,0,2,1,3,1,0,1,2,2,0,3,1,3,2,1,3,3,2,2,2,0,2,2,1,0,1,3,2,1,3,1,0,3,0,3,0,3,2,2,1,0,3,1,2,1,0,1,2,2,1,3,2,0,2,3,0,1,0,3,0,2,1,3,2,3,0,2,0,2,3,1,1,1,0,2,1,2,1,1,0,1,2,3,3,0,0,3,0,3,3,1,2,1,2,1,2,1,0,3,0,1,2,3,1,0,0,0,956663ec07188f2399e28584edc6e560af889aec9214df266ee5b48216bcaac0,1
85,14,8,1,0,1,3,2,3,2,3,1,0,0,1,3,0,3,2,1,2,1,2,3,0,0,0,3,0,0,1,0,0,1,2,1,3,1,1,3,2,3,2,2,1,2,2,3,0,1,3,3,2,3,0,0,3,1,3,0,2,0,2,1,2,3,3,1,1,2,2,3,1,2,3,2,0,1,3,2,3,0,2,0,0,1,3,2,3,1,1,1,1,0,0,0,3,2,3,0,2,3,3,1,3,3,2,2,3,1,1,0,2,1,1,2,1,0,0,3,1,0,2,2,2,0,0,2,0,0,1,34bd384ab0dbd317cd959a035d994cd607f7fc98ac1dfbe775a1e26c9c4a5f8a,1
82,11,5,1,3,0,0,1,3,2,2,2,1,1,0,3,0,0,0,1,1,3,2,3,1,1,0,2,0,2,3,0,1,2,2,2,3,1,1,1,3,3,1,3,2,1,3,2,1,0,2,3,0,2,0,0,1,1,2,2,1,1,1,2,3,3,1,1,3,0,3,2,2,3,3,1,0,2,2,0,2,1,3,0,0,0,3,2,3,0,2,0,0,1,0,2,3,0,3,3,0,3,0,0,1,1,3,2,3,2,0,3,1,3,2,1,3,2,0,3,2,0,3,1,1,2,2,0,1,2,0,2a1efec0e301b62c34668cfbd53766a4cd753384100e2e390451b162ed5e0196,1
181,9,6,2,0,3,0,3,3,2,1,2,1,2,0,1,1,1,3,1,2,3,2,3,0,0,3,3,3,1,2,3,3,0,3,3,3,2,0,3,3,2,2,0,1,2,0,2,1,0,1,3,0,3,2,0,3,0,2,0,2,0,2,0,0,3,3,2,2,1,2,1,2,1,3,3,1,2,2,0,2,2,0,0,3,1,2,2,1,1,1,0,3,1,0,2,1,1,1,0,3,1,0,0,3,2,3,3,0,0,0,3,3,1,1,1,2,1,2,2,1,0,3,2,1,0,1,0,1,0,1,7c739df38e6964dc6fb0759a9017fa2a7ac3db957c06d81781d4abcfca6ab11f,1
18,10,6,2,0,2,1,3,3,1,3,0,1,2,1,2,2,1,3,2,3,3,3,3,0,0,1,3,1,2,0,1,3,0,1,3,3,2,2,3,2,1,3,1,1,2,2,0,0,2,3,1,1,3,1,0,3,0,3,0,3,0,0,2,0,2,2,3,1,2,2,2,3,1,3,3,0,2,3,0,1,0,3,1,2,0,2,1,1,0,2,0,1,2,0,1,0,0,1,0,1,2,0,1,3,3,3,2,0,0,1,3,3,1,1,1,0,2,2,2,1,1,3,0,1,3,2,0,0,2,0,67a9172878776f59d4e5710feb8ce1eee84afc1044fb546abc490b4a0107f7da,1
66,6,4,2,2,3,0,3,2,0,1,1,0,2,3,1,1,2,3,0,3,2,3,3,0,0,3,3,1,2,0,3,2,1,2,2,3,2,0,3,2,2,2,3,0,2,2,0,0,1,2,2,1,3,3,1,3,0,3,0,3,0,3,3,0,3,3,2,1,2,1,1,1,1,3,3,2,1,1,0,1,1,3,0,0,0,2,1,0,0,2,0,1,3,0,2,2,0,2,0,3,0,0,0,3,2,3,1,2,1,0,1,3,1,3,2,0,1,1,3,1,0,1,2,2,1,2,1,0,1,0,b724c1a8b48a9761485aac3895a7619db109af6ca69ea4d14d0a7a36a289c6d1,1
148,13,7,2,0,3,0,3,2,2,1,1,1,1,0,0,1,2,2,1,1,3,1,3,0,1,3,3,3,0,2,2,2,0,2,2,3,2,1,3,3,2,3,2,2,3,0,1,0,0,2,3,0,3,1,1,3,0,2,1,3,1,2,0,0,2,3,2,1,3,1,2,3,1,3,3,0,2,2,0,3,0,0,0,2,0,1,2,0,1,3,0,3,1,0,3,3,3,2,0,3,1,0,0,3,1,3,3,0,0,0,2,2,1,2,1,2,1,1,2,1,0,3,2,0,0,2,1,1,1,1,61f63a812bc95fd6f6889b552e35566b0652cb48983c06c1839d49ba59aafd04,1
178,11,6,2,0,1,2,1,2,3,1,0,0,0,2,1,0,3,3,2,1,2,3,3,0,1,2,3,0,2,0,2,2,2,3,1,3,3,2,2,3,2,3,1,0,2,2,2,0,1,3,2,1,3,1,0,3,0,3,0,0,1,2,0,2,2,3,3,3,1,1,3,0,0,2,2,0,3,1,1,2,0,1,0,1,0,3,3,1,2,3,0,1,2,0,0,0,3,3,1,3,2,0,0,3,0,3,2,2,1,2,2,1,1,1,3,1,0,1,2,3,0,3,1,1,1,2,0,0,1,1,85932dfebe1cadcacf5a60adc8c58fd1517765e2eb164babee872a994813f336,1
67,13,6,1,2,0,2,1,3,3,2,1,0,0,2,2,0,2,2,0,2,3,3,3,0,1,1,3,0,0,0,1,1,0,3,2,3,3,1,2,2,2,3,1,0,2,3,1,0,1,2,2,1,3,0,0,3,0,3,2,3,0,1,0,1,3,2,3,2,1,0,3,0,3,2,1,3,2,2,2,3,1,2,1,0,0,3,2,3,2,2,0,0,2,0,1,3,0,3,0,1,3,1,1,1,1,3,2,3,2,0,2,1,1,0,3,3,2,0,3,1,0,2,1,3,1,1,1,0,0,1,9813a869b5a5c7f22a208f9510a95efe1060f67821accd04109128191743d69e,1
242,1,8,3,0,0,0,2,3,0,2,1,1,0,3,0,0,3,3,1,3,0,3,3,0,2,1,3,0,2,3,1,0,0,3,0,3,0,1,1,1,1,2,2,1,2,3,2,1,3,3,0,1,2,2,0,2,1,2,1,3,0,1,3,1,2,1,2,0,3,0,2,3,0,3,2,2,2,3,1,1,2,3,1,0,1,3,0,2,0,0,0,1,3,1,0,1,1,2,1,3,0,1,0,2,3,2,3,2,1,2,3,2,1,2,2,0,1,0,3,1,2,0,3,2,3,2,3,1,1,0,1aba21da79652a782343f70fda8631ba7cf2539078c2555863c1ec926934461f,1
194,14,7,3,1,0,2,1,2,1,1,3,0,1,1,2,0,2,1,0,1,3,3,3,0,1,0,3,0,3,0,0,0,3,3,0,3,1,2,2,3,0,2,1,2,2,2,1,0,3,3,0,3,3,2,2,3,0,3,1,0,0,2,0,1,2,2,2,3,1,1,3,1,1,2,2,2,3,3,1,3,2,3,0,1,0,3,3,0,1,2,0,0,0,0,1,1,1,0,2,0,3,2,0,2,1,0,1,0,2,2,1,2,2,3,2,1,2,0,3,0,0,3,3,2,3,3,1,1,1,2,5ff84a6145e0da8536f744e6b9981252aec23f48fd0172637407a6a7ca1f53fc,1
194,14,10,0,1,0,2,1,3,2,2,2,0,0,0,2,0,1,0,0,0,3,3,3,2,1,0,3,1,3,1,1,0,1,2,0,3,1,0,1,2,2,3,3,2,0,3,1,0,0,2,2,0,2,0,0,3,0,3,0,3,1,1,0,3,3,1,2,3,0,1,3,1,3,2,0,3,1,2,1,3,1,2,2,2,0,3,3,3,1,2,3,1,1,1,2,3,0,3,2,2,3,2,1,2,1,2,1,3,3,0,1,3,1,1,2,1,0,0,2,2,0,3,1,3,2,2,1,2,0,0,12ec8417a950e470b7510afeb558fdcd8f4fa5acd17d9b2b454274cc1f74edbf,1
18,8,7,3,0,2,2,3,3,1,2,1,0,0,2,2,2,3,3,3,3,1,3,3,0,2,0,3,0,1,0,2,0,2,3,0,3,3,2,1,3,2,2,2,0,2,3,2,1,1,3,0,1,2,1,0,3,0,3,1,1,0,3,3,1,1,1,2,1,0,2,3,0,0,3,2,0,2,2,0,1,1,3,0,3,0,3,1,1,1,3,0,0,2,0,0,2,0,1,0,2,1,1,0,3,2,3,0,0,0,3,2,2,1,2,3,2,2,1,3,1,1,1,1,2,1,2,0,0,1,0,13bc83d52f5004ad8dfd0b2aef2aeac7daace67edb0b46e9f756a4061039eb9f,1
162,8,4,1,1,0,3,1,3,2,1,0,1,0,1,1,0,2,3,2,3,0,3,3,0,1,1,2,0,0,1,3,2,2,1,0,3,1,2,3,3,1,3,3,0,3,2,3,1,0,2,2,3,1,0,0,3,1,2,3,2,0,3,3,0,2,2,1,2,2,2,2,2,0,2,1,2,0,0,1,1,0,3,0,0,1,0,3,0,1,0,2,3,3,1,3,0,1,3,1,2,2,0,1,3,3,3,0,2,2,3,1,2,0,3,3,1,3,0,2,2,1,2,2,2,1,1,0,0,1,0,b259c04fabea98035fde3effe3b8be5201a14c9f4f37665f64137a9fafe00843,1
38,4,12,2,0,0,3,1,2,3,1,0,3,0,2,3,2,3,0,0,0,1,3,3,1,0,0,2,0,1,1,0,1,2,2,2,3,1,2,0,1,1,3,1,1,3,3,2,1,1,3,2,2,0,0,1,2,0,0,1,2,0,3,0,3,2,1,1,0,1,2,3,2,3,0,2,0,3,2,0,3,3,1,1,0,2,0,3,3,0,1,1,1,2,1,3,1,1,2,0,1,3,0,2,3,3,1,3,0,1,2,2,3,1,0,3,3,2,2,1,2,0,2,2,3,0,2,3,3,0,2,5cdfe8b07111d03b6bebe9a297c398b1d44f168fbcb4a5d002ea5217363ead31,1
18,9,8,3,0,2,0,3,3,0,2,1,2,2,1,3,1,2,3,0,3,2,2,3,0,1,0,2,1,0,2,0,2,0,3,3,3,2,2,3,3,1,2,2,2,3,3,2,0,1,3,1,0,3,3,0,3,0,3,0,2,0,1,2,1,3,2,2,1,3,2,1,3,1,3,2,1,1,3,0,0,0,3,0,1,0,3,2,0,0,3,0,0,1,0,2,1,1,0,1,1,3,1,2,3,2,3,1,0,0,2,3,2,2,1,1,0,1,1,1,2,1,3,1,1,2,1,0,0,2,0,8dca6be8250c45d1ef03eac0f5421bf5610517cf6ebd4cefe1c3d4ff63d473fa,1
82,9,6,2,0,1,1,3,3,2,1,3,0,1,2,2,0,3,3,1,2,1,3,3,1,2,1,3,1,1,0,0,0,0,3,2,3,1,2,2,1,2,3,2,2,2,3,0,0,2,3,1,3,2,0,0,2,2,3,1,1,0,0,3,2,1,1,3,0,3,0,3,1,0,3,1,0,3,3,0,3,1,3,0,0,1,3,2,0,0,2,1,0,1,2,2,3,0,2,2,2,1,0,0,3,3,2,0,1,2,1,1,1,3,0,3,2,2,0,3,1,0,2,1,2,1,3,0,2,0,0,e23ef322787e66124ece5619ea27153e3d247067653006ae1338ca4fea150228,1
194,14,5,3,0,2,1,2,3,1,3,0,2,1,1,0,2,2,1,0,1,1,3,3,0,0,2,2,2,2,2,1,0,0,3,1,3,1,2,2,1,2,1,1,2,0,3,1,0,3,3,0,1,0,2,0,2,0,3,1,3,0,0,3,0,1,1,3,2,2,0,1,2,1,3,0,0,2,3,3,0,3,3,1,0,2,3,0,1,1,3,1,1,3,0,2,2,2,2,3,3,3,0,0,3,3,1,0,2,1,2,0,3,2,3,2,2,1,0,3,2,3,1,0,0,1,3,2,1,1,0,0d5aae344ea6cb30a7ffef4f0285e44790d9c0d1cb6785722359dc19c748cbfd,1
51,0,11,1,1,0,1,1,3,3,3,2,1,0,2,1,1,2,1,1,0,3,1,3,1,0,0,3,1,1,0,2,2,2,3,2,3,0,2,2,3,1,3,2,3,3,2,1,0,1,3,0,2,2,0,0,3,0,3,2,2,0,2,0,2,1,3,3,3,0,1,3,0,1,2,2,3,3,3,1,3,0,2,3,1,1,3,3,2,2,2,0,0,1,0,0,2,0,3,2,3,1,1,0,3,0,1,2,0,1,2,1,0,0,0,2,2,1,0,3,2,0,1,2,3,2,3,1,0,0,1,d30a0ec3bfb337b98b60f4f7a2b36ea0f78fc3eb196f01b47bbe284fbf8bed15,1
147,10,4,1,0,2,1,3,2,0,0,0,0,1,1,1,2,1,2,1,3,3,2,3,1,0,3,3,3,0,0,2,2,0,0,1,3,0,3,3,3,2,2,1,1,3,2,0,1,1,3,2,1,1,3,1,3,0,3,0,3,0,3,3,0,2,3,2,1,1,1,2,1,3,3,2,0,3,1,0,2,1,2,0,2,0,2,2,0,0,2,1,3,2,0,3,1,0,1,1,2,2,0,0,3,2,3,2,2,2,2,1,1,1,3,3,2,0,3,1,1,0,3,3,1,2,2,0,0,0,0,8b0e7c136160847f3a426e5b745026ff6b1b908e8dfe40d939251185fe0780ab,1
241,5,3,1,0,3,2,3,2,0,3,2,0,2,0,2,2,2,3,1,3,1,3,3,0,2,0,2,1,2,2,1,1,0,1,1,3,2,1,0,1,2,2,3,2,1,3,2,0,1,3,1,2,1,0,0,1,0,3,0,3,0,3,3,1,1,0,1,0,2,1,1,1,1,2,3,0,2,2,2,1,1,3,0,0,0,3,1,2,0,3,0,0,2,0,1,3,1,0,2,2,0,0,0,3,3,3,0,0,0,3,1,2,2,3,2,0,1,2,3,2,0,3,1,2,2,3,3,1,2,1,636f6d93feb5c1bf705eae1b1344264809f66e63888f12c4d20e3eb1b6208ce3,1
99,3,11,1,0,1,2,2,3,3,0,2,1,0,1,2,1,2,1,2,1,1,2,3,0,0,1,3,0,0,0,1,2,2,3,1,3,1,2,2,3,3,3,2,1,2,2,2,0,0,3,1,2,1,0,0,3,0,3,0,1,0,3,1,3,2,3,2,2,0,0,3,1,0,3,3,2,3,3,1,3,0,1,0,1,0,3,3,2,3,2,0,0,3,0,1,3,0,3,0,2,1,0,1,2,2,2,2,0,1,1,3,3,1,2,3,2,2,0,1,2,1,3,1,1,1,2,3,0,0,0,af28f6cf755cf0865c22e76441ff2c7c1c284c05a25d62eca4493a98fe46b248,1
84,2,11,1,1,1,3,3,3,2,0,1,0,0,3,1,0,3,3,0,2,1,1,3,1,2,2,3,0,0,0,1,1,0,2,1,3,2,3,3,3,2,3,1,2,2,3,1,1,0,3,2,0,2,0,0,3,0,3,0,1,3,2,0,1,1,3,2,2,2,0,3,1,0,3,3,2,2,1,1,3,0,2,0,0,1,3,2,3,2,1,0,0,3,1,1,0,3,2,0,2,1,3,1,2,1,3,2,0,2,3,1,1,2,2,2,1,0,0,2,1,0,3,3,2,0,1,2,0,0,2,8f8e30e652c8857e37a435c0329df66853f2b525dda1a4248552216eebd1e47f,1
211,9,14,2,0,1,3,3,3,3,1,0,0,0,1,0,2,2,1,1,1,3,3,3,0,2,0,3,1,0,3,2,0,0,1,2,3,2,2,1,1,2,0,0,0,3,2,2,0,3,3,0,1,0,1,2,0,0,2,2,3,0,2,2,1,0,0,3,1,2,2,1,3,2,3,0,2,2,3,2,1,0,3,0,0,0,1,1,3,0,0,2,0,3,2,1,1,2,3,0,2,3,2,1,3,3,3,1,1,2,2,1,1,3,1,3,3,1,0,0,3,1,1,1,2,2,3,2,3,1,1,d997afa751b40ffebbb8e2979cc29c94a756f35fc400d6af0445ac856b36a6b3,1
193,1,15,1,0,1,3,3,3,0,3,2,2,0,1,2,0,3,3,1,3,0,3,3,0,2,0,3,1,0,1,0,1,0,3,2,3,2,2,1,0,2,2,3,3,3,3,0,0,2,3,0,1,3,1,0,2,0,2,1,2,0,1,3,2,3,0,0,2,1,1,0,0,2,2,1,1,1,2,0,2,0,3,2,1,0,3,3,1,1,2,0,1,2,0,3,2,2,1,3,1,1,1,0,3,3,2,1,0,2,2,1,2,3,2,3,1,1,3,3,2,0,2,0,0,2,3,1,0,1,0,b83d1e651d9e28bc18cec5e828622bc0ee900806cbee7716d0f5a617357ed6a4,1
51,4,10,1,0,3,0,0,2,0,3,2,3,2,1,1,2,3,1,1,2,2,0,3,1,1,3,2,0,0,2,0,2,0,1,2,3,1,2,2,3,1,0,1,0,0,3,1,0,2,3,0,0,0,2,3,3,2,3,0,3,0,2,1,2,0,1,3,1,3,1,3,0,0,0,1,2,1,1,0,0,0,3,1,2,1,2,1,3,2,1,1,1,2,0,0,2,1,0,3,0,3,2,0,2,3,3,3,3,1,2,1,1,3,3,2,0,2,0,3,3,2,2,3,2,1,3,1,1,2,3,857c9541ab28ebff48a0f6d2b6618253064c2b4360f29dd1b91be57aebc1afd3,1
163,2,9,0,0,1,3,3,3,2,3,1,0,1,3,3,3,2,2,1,1,0,3,3,0,1,0,2,1,2,2,0,1,2,2,0,3,0,1,2,1,0,1,2,3,2,1,0,1,1,3,1,2,2,0,2,3,1,3,0,2,1,1,3,2,3,3,0,0,1,0,1,2,1,3,2,2,0,3,3,0,1,3,2,3,1,3,0,0,1,1,0,1,2,0,1,3,2,2,0,3,1,0,3,1,3,1,2,2,1,2,1,3,3,0,0,3,0,0,3,3,2,0,0,2,0,2,2,0,1,2,f36f29ee91b36ff6929b0f9c021988525063f59952f81a7d6e6f120cf7744946,1
19,13,9,2,0,1,2,0,3,3,1,1,0,0,2,1,0,2,3,1,1,3,3,3,1,1,1,3,0,0,0,1,2,1,2,1,3,1,1,0,3,2,3,2,1,1,2,2,1,1,2,3,1,2,0,0,3,0,3,1,3,0,2,2,0,3,2,3,3,1,0,3,0,3,3,3,3,2,2,1,2,0,3,0,0,0,3,2,2,3,1,1,1,1,0,0,3,0,3,1,2,3,0,0,0,1,2,3,3,2,2,2,0,1,0,2,2,2,0,3,2,0,1,2,3,2,2,1,0,0,0,4ee407584a337957941be5a4fdc23fbb8d67bb4d1a16b7ff9345c5ee6d6d781b,1
162,12,7,2,3,0,1,2,3,1,0,1,0,0,1,2,0,1,2,2,0,2,3,3,2,2,0,2,0,1,0,0,1,2,3,1,3,2,1,1,2,3,3,2,3,1,2,2,1,0,2,3,0,1,0,0,3,0,3,1,3,0,2,1,2,3,3,2,3,1,0,3,1,3,3,2,0,1,2,2,1,1,3,0,1,0,3,0,2,2,2,1,0,2,0,0,3,0,3,2,3,3,0,0,0,2,3,1,3,2,0,3,1,1,1,3,3,0,0,3,2,0,3,2,1,1,2,1,0,1,1,030ffa8538c52cafd15c2e6329a49f43a5e4e5f06a8f1e1a7a3e5e4bd7fc07f1,1
67,3,12,0,0,3,0,3,3,3,2,0,0,0,0,3,1,3,2,0,3,0,3,3,1,1,3,2,1,3,1,0,2,0,2,3,3,2,1,3,2,3,1,3,3,1,1,0,1,3,2,1,3,3,2,1,2,0,3,1,3,0,2,2,0,1,2,0,0,1,0,1,2,0,2,2,0,0,3,1,1,1,3,0,1,1,1,2,0,0,2,2,2,2,0,3,0,0,3,1,3,1,3,0,2,2,2,1,2,1,2,0,3,1,3,3,2,0,1,3,2,0,2,1,1,2,2,1,0,1,2,e6002d1403d648b95b4d11ac830f02fd29f2730c53462e9d809393f49c14470b,1
193,3,0,1,1,2,2,3,3,2,3,3,1,0,2,3,0,3,1,1,3,1,3,3,0,3,0,2,1,1,1,0,2,1,2,0,3,3,2,1,1,2,0,1,2,2,3,0,0,2,3,1,3,0,0,1,2,0,3,0,3,0,1,3,2,2,0,2,0,1,2,2,0,1,2,2,0,1,3,3,1,2,3,1,1,1,3,2,0,0,2,0,0,3,0,1,2,1,0,2,3,2,0,0,3,3,1,0,0,0,3,0,2,3,2,1,0,1,0,3,2,2,2,1,3,1,2,1,1,2,3,9eb98176788aa61a22b5dcbb1b6770067347be21aa83e572ba5e2bd821ca784f,1
195,3,10,1,1,0,0,2,3,3,2,1,1,0,3,1,0,2,2,2,0,3,1,3,1,1,0,3,1,0,3,2,1,1,3,3,3,1,2,2,2,2,3,2,1,1,2,2,0,0,3,3,2,1,0,0,3,0,3,0,3,0,2,0,0,2,2,3,3,1,0,3,0,0,3,3,3,2,3,1,2,0,2,0,0,1,3,3,1,3,2,0,0,1,0,0,2,1,2,0,3,2,1,1,2,2,1,1,2,2,2,3,1,0,1,3,1,1,0,3,2,0,3,0,3,2,2,1,0,0,1,29c764bacfa22967b895b581d3201162b294f417dfef1893b8950a3fef1d91d1,1
18,11,4,2,0,0,3,3,3,0,2,2,2,1,3,2,0,1,0,1,3,1,3,3,0,1,3,3,3,3,1,1,3,1,3,0,3,3,0,1,1,1,2,1,1,1,3,2,0,3,2,0,1,1,2,0,2,0,2,1,2,3,0,3,2,0,0,2,1,2,1,3,2,2,3,1,0,2,3,0,1,2,3,2,0,0,3,0,3,0,3,0,0,3,2,0,0,2,2,2,1,1,1,1,3,2,2,0,0,0,1,1,3,1,0,3,2,2,2,1,2,2,2,0,1,3,3,1,0,1,0,bb1e0d6e0bb199bbaf69b76f0e5315686349c924b0afb5010746ba00478e9a19,1
131,10,14,3,2,1,2,1,1,0,3,1,2,0,0,0,0,0,0,1,1,3,2,3,1,3,2,2,3,3,2,0,1,3,2,0,3,2,2,1,0,3,1,1,0,0,2,2,1,0,1,1,0,1,3,2,1,0,3,0,2,1,3,3,1,3,1,3,3,2,0,0,3,3,3,1,2,3,1,3,0,0,3,1,2,0,0,1,2,2,0,3,1,2,3,2,1,0,0,2,0,2,3,3,1,1,2,3,0,0,1,0,1,1,2,2,2,2,3,2,0,2,0,1,3,2,2,3,3,0,0,d4ea2e323d29280c151151b6b7ecc144888c99934b657e4ec22fbdb8d1160e31,1
147,5,12,1,0,1,1,0,3,1,1,1,0,0,2,1,1,3,1,0,2,3,1,3,1,1,2,3,1,0,3,0,0,0,2,2,3,1,3,3,3,2,3,0,0,1,3,0,1,2,2,1,2,0,0,0,3,0,3,1,2,0,3,1,1,2,3,2,2,2,1,3,0,0,3,3,0,3,3,2,3,0,3,0,1,2,2,2,3,2,2,0,1,3,0,1,3,0,2,1,2,2,0,0,2,2,3,2,0,1,2,1,0,2,1,2,1,1,0,3,3,1,3,3,2,2,2,3,0,0,1,0a88e9aa61e1fab0a9aa19f52d21bcfb49ae0547abd93ba9a38d0e4966d949d6,1
18,7,15,2,0,2,1,3,3,2,3,2,0,2,1,3,0,2,3,1,3,2,3,3,0,0,1,2,1,1,1,1,3,0,3,3,3,2,0,3,2,1,2,1,0,3,3,0,0,0,3,2,1,3,2,0,3,1,3,0,2,0,2,2,0,3,3,1,1,2,1,0,2,1,3,3,0,1,3,1,0,2,2,0,1,0,2,3,0,0,3,0,2,0,0,2,1,1,0,0,1,3,0,1,3,3,3,2,1,1,0,3,3,2,2,2,2,0,0,1,1,2,2,2,1,2,1,0,1,1,1,79899caef4e54c9ce7042ec7a776405f11492133a95a47369967fc05fb448bf9,1
194,6,12,2,0,2,0,3,3,0,1,2,1,0,3,1,1,0,0,0,3,2,3,3,0,0,2,3,0,2,3,1,0,1,2,2,3,3,2,3,0,3,1,0,3,3,3,2,0,2,2,1,1,2,2,1,0,2,2,0,3,1,2,2,0,0,1,2,1,1,0,3,0,2,2,2,0,3,0,2,0,2,3,0,3,1,3,1,1,3,3,1,0,3,1,2,1,0,0,3,1,1,0,1,2,2,0,0,1,2,2,1,3,0,1,3,0,1,1,0,2,3,1,3,2,3,3,3,1,2,0,c19b94d3dc1aa2d10175e6c69ce1d8381bfac6401f3c65b6b473d96aaeb87f85,1
19,8,2,2,3,3,2,2,3,3,0,2,1,1,0,0,1,3,0,1,2,1,1,3,1,1,3,3,0,0,0,0,0,2,1,0,3,0,2,0,0,0,2,3,2,1,3,2,2,1,3,1,1,3,0,3,3,0,2,2,1,0,2,3,2,1,3,3,2,1,1,2,0,2,1,1,2,2,2,1,0,1,2,0,3,0,2,0,1,3,1,3,1,3,0,0,1,3,2,2,0,2,2,0,1,2,0,0,0,3,1,0,2,3,3,3,1,3,1,3,0,0,3,1,2,2,2,3,0,1,3,f92bd6ef16b6fe5b3f31ce86239937fd04754748be6385ba3381bee467167f5e,1
163,1,9,1,1,2,1,1,3,1,1,2,0,0,1,3,0,2,3,1,0,3,2,3,0,2,0,3,1,1,0,0,1,1,2,1,3,3,3,2,3,2,3,0,2,2,2,3,1,2,3,2,2,1,1,0,3,0,3,0,1,1,2,1,2,0,3,2,2,2,0,3,0,1,3,2,1,3,3,0,3,1,1,0,3,0,3,2,0,1,2,2,0,2,0,0,0,2,3,0,2,1,0,1,3,1,1,3,1,2,3,3,1,2,0,2,0,2,0,3,3,0,3,1,2,2,2,0,0,1,0,e81205c17b4f253241e2085b630fb52459e43cbfdab35e52fcd01c2b6ac6662f,1
99,4,11,2,1,0,2,3,3,1,0,1,1,0,0,2,0,2,3,2,1,1,2,3,0,1,1,3,3,0,0,0,1,1,0,0,3,1,2,3,3,3,3,3,0,3,2,2,0,0,3,1,2,3,0,1,3,0,3,2,2,0,3,0,3,0,2,0,2,2,2,3,0,1,3,3,2,2,1,2,3,1,2,1,0,0,3,1,0,2,0,0,1,3,0,1,0,2,3,2,2,1,0,1,3,1,2,2,1,1,3,1,1,2,0,1,2,1,0,2,3,1,3,2,1,2,3,3,0,2,1,4c0acb97f79f97b8431e77b6e72b6e8f87151df02bbe3f75190887fa21c9ab74,1
146,11,8,1,0,2,0,3,2,1,0,1,1,1,1,1,1,2,3,1,3,3,2,3,0,1,3,3,1,1,0,1,2,0,0,2,3,2,2,3,3,2,2,3,1,3,2,0,0,0,3,3,0,3,3,0,3,0,3,0,3,0,2,2,0,2,3,2,0,2,1,3,3,1,3,3,0,2,2,1,2,0,3,0,2,1,2,1,2,0,2,0,2,2,1,2,0,0,1,1,3,1,0,0,2,2,3,3,1,1,0,1,3,1,3,2,0,2,1,3,0,0,3,1,1,1,1,2,0,0,1,c0c92fa6dbc1012053c2f492d9ef606dadefb193af604f5e0b38169e80f6fbc6,1
212,6,4,2,0,2,0,3,2,2,2,1,2,2,0,0,1,0,3,1,2,3,2,3,0,0,3,3,3,0,1,2,3,0,2,3,3,2,1,3,3,1,3,1,1,3,0,2,0,0,2,3,1,3,2,1,3,0,3,0,3,0,1,2,0,3,3,3,2,1,1,2,2,1,3,3,1,1,2,0,2,2,0,0,3,0,2,2,1,2,1,0,2,1,1,1,0,0,1,0,2,1,0,0,3,2,3,3,0,1,0,3,3,1,0,2,0,1,3,2,1,0,3,2,1,0,1,1,2,1,1,863f18709ba127418ab7e2755afb3e8ec5d535e141e2ab884ebb37c11e4e8eee,1
165,9,4,1,0,2,0,3,3,3,1,2,1,1,1,1,1,1,3,1,3,2,2,3,0,0,3,3,2,2,0,3,2,0,1,2,3,2,1,3,3,2,2,2,1,3,1,1,0,0,2,3,0,3,3,1,3,0,3,0,1,0,2,2,0,3,3,2,2,1,1,1,2,0,3,3,1,0,0,1,2,0,2,0,3,1,1,2,0,1,2,0,3,2,0,2,1,0,2,0,3,1,0,0,3,2,3,3,1,0,1,2,3,1,3,2,0,0,2,3,1,0,3,2,1,0,0,2,2,0,1,b33874712e0dd47e3138fe3289ea4f6da11e3c4c4be0212869f84a3a8f820542,1
50,11,6,1,0,3,1,3,3,3,1,1,0,0,2,3,0,2,2,0,3,2,3,3,1,2,2,3,1,1,0,2,0,2,3,1,3,3,3,2,2,0,1,0,1,2,3,0,2,2,2,1,2,1,1,3,3,0,3,0,2,0,1,2,1,2,3,1,1,1,0,3,3,0,3,1,2,1,3,0,3,0,3,0,1,0,3,2,1,3,3,0,0,1,0,1,0,1,2,0,3,0,1,0,2,3,2,1,0,1,1,0,2,2,1,3,1,1,1,3,2,0,0,3,2,1,2,1,0,1,0,0b2c3e18b14466cde8dee653386814e65182a2db99e2481fd7f95474e5e0d00b,1
132,1,9,1,1,2,2,3,3,2,1,2,0,0,1,2,1,2,3,1,2,2,2,3,0,1,1,3,0,0,0,1,2,2,3,2,3,2,3,3,3,3,3,1,0,3,1,2,0,0,3,2,0,1,0,0,3,1,3,0,1,1,3,0,1,2,3,2,2,2,0,3,1,0,3,3,1,3,2,1,3,0,2,0,0,0,3,2,1,2,1,0,1,2,0,1,1,2,3,0,3,1,0,0,3,1,3,2,0,2,3,2,0,0,1,2,3,1,0,3,2,0,3,2,2,1,1,1,0,0,1,6f48b01d23b040f30b5c36f7b325099b72a1bdf9d9156c2ee3f3663be9a72401,1
132,2,7,1,0,1,3,3,3,3,1,2,0,0,2,2,0,2,3,1,2,1,2,3,0,0,1,3,0,0,0,0,0,1,3,1,3,0,3,2,3,3,3,0,1,2,2,2,1,1,3,1,1,2,1,0,3,0,3,0,2,2,3,1,2,1,3,1,3,1,0,3,1,1,3,2,1,3,2,1,3,0,2,0,0,1,2,2,2,2,1,0,1,3,0,1,0,0,3,1,2,0,0,1,3,2,3,2,0,2,3,2,0,2,1,3,3,1,0,3,2,0,3,2,2,1,2,2,0,0,1,b222d7a74eee7244f382853f59f1f3ef7be61b3936bab36f6412b2fcf26ef8f0,1
194,13,8,2,1,1,3,3,3,0,1,3,2,0,3,3,0,3,2,3,2,2,3,3,0,0,1,3,0,0,2,1,2,0,3,0,3,2,3,2,3,2,3,0,0,2,3,1,1,2,3,0,2,2,0,1,3,1,3,0,2,0,3,2,2,1,3,2,2,1,1,3,1,0,3,2,0,2,3,2,2,1,3,0,0,0,3,2,1,1,3,1,0,2,1,1,1,1,0,0,1,0,0,0,2,2,1,2,0,1,2,1,1,1,2,3,1,1,0,3,1,1,2,2,1,2,3,0,0,0,0,ad19d6e4568212fb1a5a6ae186f013fa87932861311424e307cf23300ec94185,1
194,13,8,2,1,1,3,3,3,0,1,3,2,0,3,3,0,3,2,3,2,2,3,3,0,0,1,3,0,0,2,1,2,0,3,0,3,2,3,2,3,2,3,0,0,2,3,1,1,2,3,0,2,2,0,1,3,1,3,0,2,0,3,2,2,1,3,2,2,1,1,3,1,0,3,2,0,2,3,2,2,1,3,0,0,0,3,2,1,1,3,1,0,2,1,1,1,1,0,0,1,0,0,0,3,2,1,2,0,1,2,1,1,1,2,3,1,1,0,3,1,1,2,2,1,2,3,0,0,0,0,d1a012b7d1e8df0c00820daf66ce56336befae8a8b4cd55f82d01d55ea0f96c9,1
194,13,6,2,1,0,3,2,3,3,1,0,0,0,0,3,0,1,2,1,3,1,2,3,1,0,1,3,1,2,0,0,0,1,3,1,3,1,2,2,1,2,3,1,1,3,3,1,0,1,3,2,2,2,2,0,3,1,3,0,3,0,3,2,2,0,3,3,3,0,0,3,1,2,3,3,1,0,3,1,3,0,2,0,0,1,3,2,2,0,1,0,2,3,1,0,2,1,2,1,3,2,0,1,2,2,2,0,2,2,1,2,0,2,0,2,1,0,0,3,1,2,3,2,3,3,1,1,1,0,0,f65f28cc604e8d6628247c5e9f82e1717ed9539230d887b4d6081379d4ef3073,1
83,10,15,3,0,0,2,2,3,2,3,1,1,0,1,0,3,1,2,0,2,0,3,3,1,1,0,1,0,0,1,1,0,1,2,0,3,2,3,1,1,0,2,1,0,0,2,0,1,1,3,0,0,1,1,2,1,3,3,2,3,1,1,3,1,2,2,2,1,2,2,2,3,3,3,2,0,1,1,3,0,3,3,0,1,2,2,0,3,0,1,3,0,3,0,1,1,0,1,2,3,3,0,2,3,2,3,0,3,2,2,2,2,3,3,3,0,1,1,3,1,0,3,2,2,0,2,2,2,0,0,67e5aa78e5b40b9b14ac97f8c8ed8edb86f266a2398a32dae37dfb25f7ef5349,1
82,13,7,1,1,1,3,2,3,2,1,1,0,0,2,2,0,3,3,0,1,3,3,3,0,2,0,2,0,0,0,2,2,1,3,0,3,1,3,1,2,2,2,1,3,1,3,2,2,1,3,1,3,2,0,0,3,0,3,0,1,0,3,2,1,0,1,3,2,1,3,3,0,3,3,0,0,2,3,0,2,1,3,2,0,0,3,2,0,1,2,1,0,3,0,0,2,0,2,2,3,1,0,1,2,3,1,1,0,1,1,1,2,1,2,2,1,2,0,3,3,0,1,2,3,2,3,1,1,2,0,05ace74e4a009e4702da3cf8d142b79eafaa7c603f411604b718a4ee02ba2774,1
2,11,5,2,0,3,1,3,1,2,0,0,1,0,1,3,2,1,3,1,3,0,3,3,0,2,2,2,1,0,0,1,2,1,2,3,3,3,2,2,2,3,2,2,0,3,2,3,1,1,3,1,1,1,0,0,3,0,2,0,2,0,2,1,2,0,3,2,0,3,0,2,0,1,2,3,1,3,2,2,3,0,2,1,0,0,2,1,0,1,3,0,2,1,0,0,1,1,3,1,0,2,0,3,3,1,3,2,1,3,3,1,0,1,1,3,2,1,0,1,3,0,3,3,2,3,1,1,0,1,0,f30b01bfa59c7039d66e3a8f2b71c3861621abc1ce644321d7b167010a28c930,1
129,13,5,1,0,1,3,1,3,0,3,3,0,0,2,0,2,3,2,1,1,2,1,3,0,2,1,3,0,2,2,0,1,2,0,3,3,2,2,3,2,1,3,1,0,1,1,3,0,1,3,2,1,2,1,0,2,1,1,1,0,0,2,2,1,3,0,1,0,3,1,2,2,2,3,0,3,0,3,3,0,0,3,2,1,0,2,0,2,1,2,2,2,0,3,3,0,0,1,0,3,0,3,2,3,1,0,0,0,0,2,3,1,1,3,2,1,0,3,3,2,1,1,2,1,1,2,3,0,3,2,a8a34bb65f937b41cbf9996ec3b6cc4579d13d63e3c276eb44f445f2d09faa8f,1
18,11,5,2,2,2,1,3,3,2,0,2,2,0,2,3,2,2,2,1,1,2,3,3,0,2,1,3,3,3,0,1,0,1,3,0,3,2,3,1,3,1,3,2,0,2,3,2,0,1,3,1,2,1,0,0,3,0,2,2,1,0,3,2,1,2,1,2,1,0,0,3,0,0,3,1,1,3,2,0,2,1,3,0,0,3,3,1,1,0,3,0,0,1,1,1,0,0,0,0,1,3,0,2,3,3,3,1,0,1,3,1,2,2,0,3,2,1,1,3,2,1,2,1,2,2,2,0,0,0,0,de5348de5fdd6510f2e33fea47fe391a51ad6590c522bd6d9a4d68ddc55af236,1
193,0,0,1,0,0,3,3,3,0,3,3,1,1,2,2,0,2,1,1,3,1,3,3,0,3,0,2,1,1,1,2,1,0,3,1,3,3,2,1,1,2,2,3,1,1,3,0,0,3,3,0,2,2,0,1,3,0,3,1,2,0,2,3,3,3,0,0,0,0,0,1,0,2,2,1,2,0,2,0,1,0,3,0,2,0,3,3,0,1,3,0,0,1,1,2,2,2,0,2,1,0,2,0,3,3,2,1,0,1,2,1,2,3,2,2,1,0,3,3,1,0,1,0,2,3,3,2,1,2,0,2035b35d7114158c0617ed1971dbeb11079a326d47e77b9a115e8bc37c3ac58d,1
209,4,2,2,0,1,3,2,3,2,2,1,0,0,3,3,0,3,3,2,2,3,2,3,0,1,0,3,1,0,0,1,2,1,1,0,3,2,3,2,0,2,3,1,3,2,3,0,2,1,3,1,3,0,0,1,3,0,3,0,2,0,2,3,1,1,1,2,2,2,1,3,2,0,3,1,0,1,3,1,2,1,3,0,1,1,3,2,0,0,2,0,0,2,0,1,1,0,1,1,3,0,0,0,2,3,2,2,0,2,1,1,2,3,1,3,1,2,1,3,3,0,1,1,2,2,3,1,0,3,0,b2444dc0a8f0a18c9feea1f09a3c90c4b9052e5aa68219f88742b38c242f3b67,1
69,14,8,1,0,1,2,2,3,2,2,1,0,0,0,2,1,3,2,1,3,1,2,3,0,0,1,3,0,0,1,0,0,0,3,1,3,1,1,2,2,3,2,2,1,2,2,3,0,1,3,3,2,3,0,0,3,1,3,0,2,0,3,1,2,3,3,1,1,1,2,3,0,2,3,2,0,2,3,1,3,0,2,0,1,0,3,2,3,2,1,1,1,0,0,0,3,2,3,0,3,3,3,0,3,3,2,2,3,1,1,0,2,1,1,2,1,0,0,3,1,1,2,2,2,1,0,2,0,0,1,8327a60732deecb22c44ef49a00fe614aeb2cb229428a3df82320cb49e4f6b49,1
132,1,9,1,1,2,2,3,3,2,1,2,0,0,1,2,1,2,3,1,2,2,2,3,0,1,1,3,0,0,0,1,2,2,3,2,3,2,3,3,3,3,3,1,0,3,1,2,0,0,3,2,0,1,0,0,3,1,3,0,1,1,3,0,1,2,3,2,2,2,0,3,1,0,3,3,1,3,2,1,3,0,2,0,0,0,3,2,1,2,1,0,1,2,0,1,1,2,3,0,3,1,0,0,3,1,3,2,0,2,3,2,0,0,1,2,3,1,0,3,2,0,3,2,2,1,1,1,0,0,1,b0ec923612960985efe50b88edf40a23cd32dad689a5d520471da383ab42d32d,1
131,11,5,1,0,2,0,3,3,1,1,2,0,1,2,0,1,3,3,1,2,3,3,3,0,0,2,3,1,1,2,2,2,0,1,3,3,2,2,3,3,2,3,2,1,2,1,1,0,0,2,3,0,3,3,1,3,0,3,0,1,1,2,2,0,2,3,2,2,1,0,2,3,0,3,3,0,1,3,2,1,1,3,0,2,0,2,3,0,1,2,0,0,2,0,2,1,0,1,0,2,2,0,0,3,2,3,3,0,0,0,3,3,1,1,1,1,1,1,3,1,0,3,2,1,0,2,2,1,0,1,d4cbfdcfb984f91a08c189672a45f11ea85c41c1836589338cbd6bb03d3af5d5,1
3,2,8,3,0,0,2,2,3,1,1,2,0,1,3,0,0,3,0,1,2,0,3,3,0,2,0,3,0,1,2,1,0,0,3,0,3,2,1,1,3,2,0,2,1,1,2,0,0,3,3,0,0,1,2,1,2,0,3,2,3,1,0,3,1,0,2,3,1,3,0,3,2,0,3,0,2,2,3,1,1,1,3,1,0,2,3,0,3,0,1,2,0,3,1,2,0,0,1,2,2,2,2,0,3,3,3,1,2,1,3,2,2,1,1,2,3,2,1,3,0,2,1,3,2,2,3,1,1,1,1,c8458ae8a2b07940f9df989136bc26b450da7db2c9c8fa05207361a9f91a163b,1
50,11,8,2,3,1,1,1,3,1,2,2,2,0,2,0,0,1,1,0,2,0,3,3,0,3,0,1,0,1,3,0,0,1,3,3,3,3,2,1,1,1,0,0,3,1,3,2,1,3,2,1,0,0,1,1,3,0,2,2,2,0,3,3,0,0,0,1,0,3,0,1,3,0,3,2,0,1,3,2,1,2,3,2,1,0,3,0,2,2,2,0,1,3,0,1,2,2,1,1,3,2,0,0,2,2,2,0,3,1,2,1,2,3,0,3,1,1,2,3,3,0,3,2,0,3,3,0,2,2,0,875da8e8f9c248b89865b122b2e5972fae4e0a3bb3e24f2c3e1f6495994878c3,1
209,3,1,1,0,3,2,2,3,0,2,1,0,0,3,1,0,2,3,2,1,2,2,3,0,1,1,2,2,0,1,1,0,2,3,1,3,1,2,3,1,1,2,2,1,0,3,2,0,2,3,1,2,3,0,1,3,1,3,0,3,2,2,3,1,1,0,0,0,1,1,2,3,0,3,3,1,1,3,0,1,0,3,0,0,0,3,1,3,1,2,0,0,3,0,2,0,1,2,1,3,0,1,0,1,3,3,2,0,1,2,0,3,2,1,2,1,1,2,3,3,0,3,2,1,0,3,2,1,2,0,3a363303115234df0e9d1c6753fdf9e37543d8487fab2761c53f7c1a5d84182c,1
225,9,2,1,0,2,3,3,3,0,3,1,1,0,2,2,0,3,3,0,2,2,2,3,0,2,0,3,0,0,2,2,1,1,2,1,3,2,2,3,1,1,1,1,3,2,3,1,1,1,3,2,2,0,1,0,3,0,3,2,1,0,1,2,1,1,0,2,2,0,3,1,2,0,3,2,2,2,1,0,1,0,3,0,0,1,3,1,2,2,2,1,2,2,0,2,1,1,1,2,3,0,2,1,0,3,3,1,0,2,1,0,1,3,0,3,0,3,0,3,2,0,1,0,3,2,3,3,0,2,0,698f5a2c3e5a940dcdda543d0f4363441d7862484b5e636acbf7abfd270ebc6c,1
193,1,2,1,0,0,3,2,3,1,3,3,0,0,3,2,0,2,2,1,2,1,3,3,0,3,0,2,0,0,1,0,1,0,3,0,3,2,2,0,1,1,3,3,3,3,3,0,0,2,3,2,1,2,0,0,2,0,3,3,1,0,0,3,2,1,1,1,0,1,1,1,1,3,3,1,0,2,2,1,2,2,3,0,0,1,3,3,1,0,3,1,0,1,0,2,2,3,1,2,2,0,0,1,2,3,0,0,0,2,2,1,3,3,2,3,1,2,2,3,1,1,2,1,2,3,2,1,0,1,0,428e67fdf11ef18e25098115b26f7a573bbf4a7c8201fda7776f1199b007e3c9,1
145,6,6,1,1,1,3,2,3,3,2,2,2,2,3,3,2,3,1,2,2,1,3,3,2,2,0,2,0,2,1,1,1,0,3,0,3,2,1,1,2,0,2,3,2,1,3,1,0,1,3,0,2,2,2,0,3,0,3,2,3,0,2,2,1,3,0,0,0,1,0,1,1,0,2,1,1,1,1,2,1,1,3,0,0,0,3,3,1,0,3,1,0,3,0,1,2,0,1,0,1,0,0,0,3,3,2,2,0,1,3,0,2,3,1,3,0,1,1,3,2,0,3,0,2,3,3,2,0,2,1,65b114b976d91aaf7339c98867303985c4b071bad3802b6c9241a65fdd3444b1,1
162,3,11,3,2,0,3,1,2,0,0,1,2,0,2,0,2,1,2,1,3,1,3,3,0,1,1,2,1,3,2,1,0,0,3,0,3,1,1,3,0,0,0,0,2,1,3,1,0,3,2,1,2,0,3,0,1,1,2,2,3,0,2,2,3,0,0,1,0,2,2,3,3,3,3,2,2,3,3,1,1,2,3,0,0,0,3,1,3,0,1,0,1,3,0,0,1,0,0,3,3,2,2,1,1,2,2,0,1,1,1,1,3,2,2,3,3,2,1,3,2,2,3,2,1,2,3,2,0,0,0,9acbecd5cefed4b5db58b9e7bad900585f023a03556b088d9783b50ba9e5b2a3,1
100,2,10,2,1,1,3,3,2,2,1,2,1,0,1,2,0,2,3,1,1,2,1,3,0,2,1,3,0,0,2,0,1,1,3,2,3,1,3,3,3,2,3,0,1,3,1,2,1,0,3,0,0,2,0,2,3,0,3,0,1,1,3,1,2,2,3,2,3,3,1,3,1,0,3,3,1,2,2,1,3,1,0,0,0,0,2,3,0,3,2,0,0,1,0,0,1,3,2,0,2,1,1,1,3,0,3,3,0,2,2,3,0,2,0,3,2,2,0,2,1,0,3,1,2,2,1,2,0,0,1,6da31cfe5e6a4619ab534d3a8bfa8fded0d89eb1607b354425425ed579eb5c9a,1
67,5,12,3,0,3,1,3,3,0,1,2,0,2,3,2,3,3,0,0,0,0,2,3,1,0,2,3,0,0,2,0,1,1,3,1,3,1,3,3,2,3,1,0,0,0,3,1,1,3,3,0,1,2,2,1,2,0,1,0,2,2,0,2,0,1,0,3,0,1,0,3,2,1,2,2,2,2,1,0,2,1,3,0,2,0,2,1,3,0,3,2,2,3,1,1,1,0,1,2,3,1,2,0,2,1,3,2,0,0,2,2,2,2,3,3,1,3,0,1,1,2,1,3,1,3,3,1,1,3,0,06679133b0b984a7a1ca332c0c3472c013a466774f0820ddfbd0a6b1f06fe7cd,1
100,3,4,0,3,2,3,2,1,1,0,1,1,3,3,0,3,2,0,0,1,1,0,3,2,3,0,2,3,0,3,1,3,2,1,0,3,2,1,2,3,0,1,3,3,2,0,1,3,3,3,0,0,2,2,1,2,0,1,1,1,3,3,0,3,2,3,2,2,2,3,1,1,3,2,0,1,2,2,3,2,0,0,0,0,2,3,0,3,1,1,0,0,3,1,0,0,1,3,0,2,0,2,1,2,3,1,0,1,1,1,2,0,2,0,3,2,1,1,3,1,0,2,2,2,1,3,2,0,1,2,19b423bfb42818cbeb599ed31104ed9d0644c2f1e4e207f565d1a37751632e57,1
100,0,9,1,3,0,2,2,3,1,1,1,0,0,0,2,1,3,1,2,3,1,1,3,0,2,2,3,0,0,0,0,1,2,2,2,3,3,2,3,3,1,3,1,1,3,1,3,1,1,3,3,1,3,1,0,3,0,3,1,2,1,3,1,0,0,3,2,3,2,0,3,0,0,2,3,0,3,2,0,3,0,1,0,0,2,1,2,0,2,0,0,0,1,3,2,1,2,3,1,3,1,1,0,2,2,3,2,0,2,2,2,0,1,1,2,3,1,0,2,1,0,3,2,3,1,1,1,0,0,2,199e1c8b4a2d203992112154e349b343dd7691b0fc5052fb101b2b2fed26c258,1
194,15,7,1,0,2,2,1,3,1,1,3,0,0,3,2,0,3,3,2,2,2,3,3,1,2,1,3,0,1,1,1,0,2,3,0,3,2,1,3,3,2,3,2,1,3,2,2,0,1,3,0,1,3,0,1,3,0,3,1,3,0,3,2,1,0,1,2,2,1,0,3,0,0,3,2,1,3,2,0,3,1,3,0,0,0,3,3,2,0,2,1,0,3,0,2,0,1,1,2,1,1,1,1,2,2,3,2,0,1,2,0,2,1,1,2,2,1,3,3,2,0,3,2,0,2,1,0,0,0,0,5d710257a91170be0fe2f9c2519d24a396b173cda7e835daa567cebd5c8666e4,1
18,4,5,2,0,2,1,3,3,1,2,1,0,2,3,0,0,1,3,1,3,2,3,3,0,0,1,2,1,0,0,1,2,1,0,0,3,2,1,2,3,1,2,2,1,3,2,0,0,1,3,3,1,3,2,2,3,0,3,0,2,1,1,3,0,3,3,2,0,2,0,3,1,1,3,3,0,2,3,0,1,2,3,1,1,0,3,2,0,2,2,0,2,3,0,2,2,1,0,0,2,1,0,0,2,3,3,1,0,0,2,2,3,1,0,2,1,2,1,3,1,1,3,2,2,3,1,1,0,0,1,b053ab3106c4c061c48676800d1d406285ca977a187b85b08a73e136a4c32df6,1
3,6,2,1,0,3,0,3,3,1,0,2,1,1,1,0,1,1,3,1,2,3,1,3,0,0,2,3,2,0,2,1,3,1,1,3,3,2,1,3,3,2,3,0,0,3,0,2,1,0,2,3,0,3,1,1,3,0,3,0,3,1,2,2,0,3,2,2,0,2,1,2,2,1,3,3,0,3,2,0,2,0,2,0,2,1,2,3,0,1,2,0,3,1,0,0,2,1,3,1,3,1,0,0,2,1,3,3,0,1,0,1,2,1,2,2,2,2,2,3,2,0,3,1,0,1,3,2,0,1,0,b7b2d9c839adc6e9d381cdb3854ee5e80a1869dfd79dabf8bc0ac532c3f6e638,1
228,5,4,2,0,3,0,3,2,2,1,2,1,1,1,0,1,1,3,1,2,3,2,3,0,0,3,3,2,1,0,2,3,0,2,3,3,2,1,3,3,1,3,2,1,3,1,1,0,0,3,3,0,3,3,1,3,0,3,0,2,1,1,2,0,3,3,2,2,1,1,2,2,0,3,3,1,0,2,1,1,2,2,0,3,0,1,3,1,2,2,0,2,1,0,2,1,0,1,0,2,2,0,0,3,2,3,2,0,1,0,3,3,0,0,1,0,0,2,3,0,1,3,2,1,0,1,2,2,0,1,ed3b1bd7b38d592e86ed460726c5e0ead50570105669cb02e42f1b0ddd8a8731,1
82,12,8,0,2,1,1,3,3,2,1,3,0,0,2,1,0,3,3,2,0,3,3,3,0,0,1,3,0,1,0,2,1,1,3,2,3,0,2,2,2,1,3,1,3,2,3,3,1,3,3,0,2,2,0,0,3,2,2,2,1,0,2,2,1,1,2,1,1,1,0,3,3,3,3,2,0,2,3,0,3,0,3,0,0,1,3,1,0,0,2,1,0,0,1,2,1,0,2,2,2,1,0,0,3,3,2,2,3,1,1,2,0,3,1,3,0,2,1,3,1,0,2,1,1,2,1,2,0,0,0,f75681628bc8532bb3f69017bb2edb388d6b03967ec1165eb6aa52692a28b2c3,1
36,5,12,2,0,0,2,2,3,3,0,1,0,0,1,3,0,3,2,2,1,1,2,3,0,2,1,3,1,0,0,0,1,1,2,2,3,1,3,3,3,2,3,1,0,3,1,2,1,1,3,2,0,2,1,1,3,0,3,0,0,1,3,1,1,2,3,1,3,2,1,3,1,0,3,3,2,2,3,1,3,0,3,0,0,1,2,1,1,2,1,0,0,2,0,0,1,2,3,0,2,1,0,1,2,2,3,2,0,2,3,2,0,2,0,3,2,1,0,3,3,0,3,2,3,1,2,1,0,0,2,19bcd2cb1b386f2fce3a47ad4cc7e87c22687f38ea8650adda2c9e8e8b7cfd27,1
147,3,10,3,0,2,0,3,2,0,3,0,0,0,2,3,0,3,1,1,2,2,3,3,0,2,2,2,2,3,1,0,3,0,2,3,3,2,2,3,2,2,0,0,2,0,1,2,2,2,1,3,1,0,1,0,1,1,2,0,1,2,0,3,2,3,1,1,1,2,0,1,1,3,3,0,1,0,3,1,1,2,3,0,2,0,3,0,1,1,1,1,3,2,1,2,3,2,2,1,1,3,2,1,3,0,2,1,3,2,3,0,1,1,3,1,0,3,0,3,3,0,3,0,0,2,3,0,1,1,0,d1f9c5c198dd1eaadac1e3607182cc79be560c19a80d7584c43176708d2cf970,1
210,15,8,2,3,0,1,3,3,0,0,2,2,0,1,2,1,2,3,1,3,2,3,3,0,1,3,3,1,1,0,2,2,0,2,2,3,1,2,3,2,0,3,2,1,2,2,0,0,0,3,0,0,2,1,1,3,0,3,0,3,0,3,2,1,3,2,1,0,1,0,2,1,1,3,3,0,2,1,1,0,1,3,0,1,2,3,2,0,1,1,1,2,3,0,3,1,0,2,1,3,0,0,0,2,3,3,1,3,1,3,0,2,0,3,3,2,1,1,3,1,0,2,1,2,2,2,1,0,1,0,d03473f76699d6cb06e92204beed76add2e469a8c3ba4bfaa2d6fdd4de71e761,1
19,5,0,2,0,1,0,3,3,3,2,1,1,2,1,0,2,1,3,1,3,2,3,3,0,2,2,3,0,1,0,2,2,0,0,3,3,2,1,3,3,3,3,0,2,3,2,0,0,0,3,3,0,3,3,1,3,0,3,1,1,2,1,1,0,3,3,2,1,1,0,1,2,1,3,3,2,0,0,1,2,1,2,0,2,2,0,2,1,2,1,0,2,1,0,2,1,1,2,2,3,0,0,1,3,3,3,2,0,1,0,3,1,1,1,0,1,1,0,3,0,0,3,2,2,0,1,2,2,0,1,106d5888cecb3806687ad2454b660d41dccbd85ea76234e40ad9816511c8bd45,1
194,7,3,2,0,3,1,3,3,1,2,2,2,2,0,1,1,2,2,0,2,3,3,3,0,1,1,2,2,0,1,1,2,1,2,2,3,2,0,3,2,2,3,1,0,3,1,1,0,2,2,3,0,3,1,2,3,0,3,0,3,0,3,1,0,2,3,2,3,2,2,0,3,1,3,3,1,1,3,0,0,1,2,0,2,0,2,1,1,0,3,0,1,0,0,1,1,1,2,0,2,3,1,0,3,2,3,3,0,0,0,3,2,1,3,1,3,1,1,0,2,0,3,3,0,2,0,0,0,1,1,5ee90490c6b6a59c302c5506584288c018854ba697f9c4b7dd702ea3088aa7d5,1
100,3,4,0,3,2,3,3,1,1,0,1,1,3,3,0,3,2,0,0,1,1,0,3,2,3,0,2,3,0,3,1,3,2,1,0,3,2,1,2,3,0,1,3,3,2,0,1,3,3,3,0,0,2,2,2,2,0,1,1,1,3,3,0,3,1,3,2,2,2,3,1,1,3,2,0,1,2,2,3,2,0,0,0,0,2,3,0,3,1,1,0,0,3,1,0,0,1,3,0,2,0,2,1,2,3,1,0,1,1,1,2,0,2,0,2,2,1,1,3,1,0,2,2,2,1,3,2,0,1,2,1ebe371354e609344b5b2e76dc64ae61ddaceee4f50d7a84c71192f8f1bfdbb3,1
195,15,8,0,1,1,2,3,2,3,1,1,0,0,1,2,0,3,3,1,2,3,1,3,2,2,2,3,1,0,1,0,0,2,3,1,3,3,1,3,3,3,3,1,1,3,1,2,1,0,3,2,1,2,1,0,3,0,3,0,3,0,2,0,1,0,3,1,3,2,1,3,1,0,3,3,2,3,2,1,3,0,2,0,0,0,2,2,2,2,0,0,1,1,0,1,0,0,2,0,2,0,0,1,2,1,3,3,0,2,2,1,1,3,1,2,2,1,0,3,2,0,3,3,2,2,2,1,0,0,2,47002e97cf33f4dc8c45e2c7d906f6833b2f36eabfd592162e233c6463f4e9d5,1
18,11,4,2,0,0,2,2,3,0,2,1,0,0,2,2,0,1,3,0,1,2,3,3,0,1,1,3,1,2,1,1,1,2,3,1,3,1,3,0,2,1,3,1,1,2,3,1,0,3,3,0,1,3,0,0,3,0,3,2,2,0,1,3,2,2,0,2,2,1,3,2,1,0,3,2,0,2,3,0,1,1,3,1,0,3,3,2,0,0,2,0,0,2,0,3,1,2,3,1,0,3,0,0,3,3,1,0,0,2,2,2,2,3,2,3,1,2,1,3,1,0,0,0,2,2,3,3,1,1,0,f9925412accf771ba296112d16ec6df8ae98670bb1510e198c3422b42b70457d,1
18,5,3,1,0,3,0,3,3,2,2,1,1,1,2,2,1,1,3,2,3,2,3,3,0,1,1,3,1,0,1,1,3,0,3,3,3,3,2,3,3,1,3,2,2,3,2,0,0,1,3,1,1,3,2,0,3,0,3,0,3,0,1,2,0,2,2,2,1,1,2,2,3,0,3,3,1,1,3,0,1,2,2,0,0,0,1,2,1,0,2,0,3,2,0,1,2,0,0,0,1,2,0,0,3,2,3,2,0,0,0,3,3,2,1,1,0,1,2,0,1,1,2,2,2,3,1,0,0,1,0,9675edcbf4bcd00d7cebf9f6c4bd7f32c4fc41bb993e380ee32a825bc3f5a5b3,1
130,11,7,1,2,2,1,3,3,1,1,1,0,2,1,1,1,2,3,1,3,3,2,3,0,0,3,3,1,1,0,2,2,0,0,2,3,1,2,3,3,2,2,3,1,3,1,0,0,0,2,3,1,3,3,1,3,0,3,0,2,1,3,2,0,3,2,1,1,1,0,2,3,0,3,3,0,2,1,1,2,0,3,0,2,0,2,1,2,0,2,0,2,2,0,2,2,0,1,0,3,2,0,0,2,3,3,1,3,2,1,2,2,1,3,0,2,1,1,3,1,0,3,0,3,0,1,1,0,0,0,634957d36150e4e9deec55ed665c0765c158d35172302ff7a550cca579e19baa,1
195,15,9,2,2,2,2,2,3,2,1,2,0,0,2,2,2,2,3,2,2,0,2,3,0,0,1,3,0,0,0,1,0,1,3,1,3,2,0,1,3,2,3,1,0,3,3,3,1,0,3,1,2,3,1,0,3,0,3,1,3,0,3,1,1,0,2,0,3,1,0,2,2,0,3,2,3,2,1,0,3,1,3,0,0,1,3,3,0,2,1,0,1,2,1,3,2,0,2,0,3,1,0,0,2,2,3,1,3,1,3,1,1,1,3,3,2,1,0,3,1,0,2,1,2,1,2,1,0,1,0,3838f858d68e233f8af955feb2779d0bca9c161b431f1f9cff5e479d1309551c,1
114,12,4,3,1,2,3,2,3,0,3,1,1,2,3,3,1,3,1,0,3,0,3,3,0,2,3,1,1,2,1,0,1,3,1,0,3,2,0,1,1,0,0,0,2,1,3,0,0,1,2,0,2,0,0,2,2,1,3,1,3,1,2,1,1,3,0,2,0,2,1,1,0,1,2,2,0,1,2,2,1,1,3,0,0,0,2,1,0,2,0,0,0,3,2,2,1,0,3,3,2,1,1,0,2,2,0,3,1,0,3,1,3,3,2,3,2,2,2,3,2,1,3,2,3,3,3,2,0,2,0,16f30ea8610aed2a4c867c1a8aa33feeb3c30d37893b4e27aa5ec40c270cde29,1
131,1,10,2,1,2,1,3,3,2,2,3,0,0,3,1,2,2,2,2,3,0,2,3,0,1,1,3,0,0,0,0,1,0,3,1,3,2,2,2,3,3,3,1,1,2,1,3,1,0,3,1,1,1,1,0,3,0,3,0,2,0,3,0,1,0,3,2,3,2,0,3,0,0,3,3,1,3,2,1,3,0,3,0,0,2,3,2,2,2,0,0,1,2,0,2,1,0,3,0,3,0,0,1,3,1,3,1,0,1,2,2,2,1,2,3,0,0,0,2,2,1,2,3,2,1,1,1,1,2,1,4b76d5102bc0c0e6bef3c7a9d19f60a172bdc4cc04ba17fa05f020863dbad950,1
194,5,12,2,0,3,2,1,3,0,2,1,1,1,1,0,1,0,2,0,3,1,3,3,0,0,1,3,1,0,2,2,0,1,3,2,3,0,1,3,1,3,0,0,0,1,3,2,1,0,2,2,0,2,2,2,1,2,3,2,3,0,1,3,3,3,0,1,0,2,1,1,2,0,3,1,0,3,3,3,2,2,3,2,1,0,3,0,2,1,1,2,3,3,0,2,2,3,2,1,2,3,2,1,1,3,2,0,1,1,1,1,2,1,3,3,1,2,3,2,3,0,0,0,0,0,3,0,1,0,0,367612ba35e4348bc900cb762d4a045fe88bc981023fe8bf74798da95861cf36,1
18,7,3,3,0,1,1,3,3,1,1,1,0,3,1,3,2,2,3,1,2,2,3,3,0,1,0,2,2,0,2,1,2,0,2,3,3,2,0,3,3,2,2,2,2,3,2,0,0,3,3,1,1,3,2,0,3,0,3,1,2,0,1,2,0,3,2,1,2,2,1,1,3,1,3,3,0,2,3,1,0,1,3,0,2,0,2,2,0,0,3,0,1,1,0,1,1,0,0,0,1,2,0,1,3,3,3,2,0,0,0,3,3,3,3,1,1,2,1,1,1,1,2,1,2,2,0,0,0,2,0,a34ccdd5e7530db236408e099e0fae342fe991a7dcf3e4c9bf3f54da4f2949fb,1
85,4,11,1,1,2,2,3,3,2,0,2,0,0,0,2,2,3,3,1,2,1,1,3,0,1,1,3,0,0,0,1,2,2,3,1,3,1,2,3,3,2,3,1,1,3,2,2,1,0,3,1,2,2,0,0,3,0,3,0,1,0,3,0,1,2,3,1,3,2,0,3,0,0,2,3,1,3,2,1,3,0,1,0,0,1,3,3,0,2,1,0,1,2,0,2,1,2,2,0,3,1,0,1,3,2,3,3,1,2,3,1,0,2,2,2,2,0,0,3,1,0,3,3,2,1,2,1,0,0,1,c7d5bc177ab42f39d8e11e4520da835213c1f0b9cec421b2d59e4e90d8d4b2a7,1
195,1,7,1,1,2,2,3,3,2,1,2,1,0,2,2,0,2,3,2,2,2,2,3,0,0,2,3,0,0,2,0,1,2,3,1,3,3,3,3,3,2,3,1,1,3,2,2,0,1,3,1,0,2,0,0,3,0,3,0,2,0,3,0,1,1,3,2,3,2,1,3,0,0,3,3,1,3,2,1,3,1,1,0,1,1,3,2,1,1,1,0,1,2,0,1,0,1,2,0,3,1,0,0,3,1,3,2,1,2,3,2,0,1,0,2,2,0,0,3,2,0,3,3,2,1,1,0,0,0,0,aabab240bd0bde17f82e47084355307f07ee215295d7d14fbc3a9fed40ac620e,1
18,10,7,2,0,3,1,2,3,0,1,1,2,1,2,2,3,0,3,0,3,0,3,3,1,2,0,2,1,1,2,0,2,1,3,0,3,3,3,0,1,0,2,0,3,1,3,0,0,1,3,1,0,0,0,1,1,3,3,2,3,0,1,2,0,0,3,2,0,0,0,2,2,1,3,1,1,1,3,0,0,1,3,0,0,0,3,1,2,2,0,0,2,2,1,1,3,1,2,2,3,0,0,1,2,2,1,0,2,1,1,2,2,2,3,3,2,2,1,2,3,2,2,1,3,3,3,1,1,3,3,383d5582dc3e49aba30f90cb9c4f053e1f21cd0e2c3a7cad7abe19622062f856,1
102,13,15,1,1,1,0,3,3,3,3,2,1,0,1,1,2,3,1,0,1,1,2,3,1,2,0,3,1,1,3,2,0,0,1,0,3,1,0,2,1,3,0,0,2,0,2,2,0,0,3,2,0,0,0,1,2,1,3,1,3,1,1,3,3,2,2,3,0,3,0,2,2,0,3,2,1,0,2,2,0,0,3,0,1,0,3,1,3,0,2,2,0,3,2,2,3,2,2,0,2,3,0,1,3,3,0,2,2,1,2,1,2,3,3,1,1,0,0,3,3,1,2,2,3,1,3,2,1,0,1,57454a626263e171187dabeab1d8b70040157652d6b8c2b47caca544d3146522,1
99,5,2,2,0,3,1,3,3,1,2,1,1,1,0,1,0,2,3,1,3,2,3,3,0,1,2,2,1,0,1,1,2,1,2,2,3,2,0,3,3,3,3,2,2,3,2,0,0,1,2,3,0,3,3,1,2,0,2,0,3,0,2,1,0,2,3,3,3,2,2,0,3,0,3,3,2,1,3,0,1,1,1,0,2,0,2,2,0,1,2,0,1,0,0,1,1,2,2,0,1,2,0,0,3,2,3,3,0,1,0,3,3,1,3,0,2,1,0,0,2,1,3,3,0,2,1,1,1,0,1,a660c374c8a54564c6b2d5daa64bbde5f0fa99f4323f6a4dfd9b39e552b085c5,1
67,0,8,1,1,0,1,0,3,3,1,1,0,0,1,2,0,2,1,2,0,3,3,3,1,0,1,3,0,0,1,2,1,0,3,2,3,1,2,1,3,2,3,1,1,1,2,3,1,0,3,2,0,2,1,0,3,0,3,2,2,0,1,1,2,3,2,3,3,0,1,3,0,3,3,2,1,3,2,1,3,0,2,0,0,0,3,3,2,1,2,0,0,2,0,1,3,0,3,0,3,3,0,1,2,2,2,2,3,2,1,2,1,0,1,2,3,2,0,3,2,0,2,1,3,1,2,1,0,0,2,6e2d05fd107acb40b62e432ce76d232b75e73cd381042135dae14bb480bb8680,1
180,14,1,2,0,0,3,1,3,1,3,1,2,0,3,2,2,2,2,0,0,1,3,3,2,1,0,1,0,1,0,2,1,0,2,2,3,3,2,2,1,1,2,0,0,0,2,0,0,2,0,2,1,0,1,3,1,3,2,1,2,0,0,3,1,3,1,2,0,3,1,2,3,0,3,1,1,2,3,3,0,3,3,0,1,3,2,2,3,3,1,2,2,3,0,2,2,0,3,1,2,3,1,1,1,0,1,0,3,2,1,3,0,1,3,2,1,3,1,3,3,0,1,2,2,0,3,0,1,0,0,6e159735029cba4b0cb8c66801e23501ec8cc78b0c94b47ece7c9461b3d3e6b4,1
67,0,8,3,2,1,2,3,3,1,1,2,1,0,1,2,2,2,3,3,1,0,2,3,0,0,2,3,0,0,2,0,1,1,1,0,3,1,0,2,3,0,3,2,1,2,2,3,1,2,3,1,2,1,1,0,3,0,3,0,1,0,3,0,1,0,3,2,3,2,0,3,1,1,1,2,0,3,1,0,1,1,3,0,0,3,3,2,2,2,0,0,2,3,0,0,1,0,2,1,3,0,0,0,2,2,3,3,1,2,2,1,1,2,2,3,3,1,0,3,2,2,3,2,3,3,1,1,0,1,0,34f68dc0d56a704b6ba8b57d9adc1b9d286a06e42ca238c2d201cc6a2c02b5e5,1
2,4,1,3,0,2,0,3,3,0,3,2,1,1,2,1,2,2,2,0,3,1,3,3,0,0,1,2,0,2,0,1,2,3,2,1,3,2,1,3,3,0,1,3,1,3,2,0,0,1,3,1,1,3,3,1,3,0,3,0,3,2,1,2,0,1,1,2,1,1,1,2,3,0,3,3,0,1,3,1,1,1,3,0,0,0,3,2,1,0,2,0,2,2,0,2,2,1,0,0,2,3,0,0,3,3,3,1,0,1,0,2,3,2,1,1,0,1,0,3,1,0,3,2,2,2,2,1,1,1,0,7b8e8061ffe8ea4171e1e33bacfeb493878a2e9dcd081ec2abd9647fe97216fa,1
18,8,4,3,0,1,1,3,3,1,2,1,1,2,1,3,2,2,2,0,3,2,2,3,0,2,1,3,1,0,0,1,3,0,2,3,3,3,2,2,3,0,3,2,1,3,3,1,0,1,3,1,0,3,2,0,3,0,3,0,3,0,1,3,0,3,0,2,1,2,2,1,2,1,3,3,0,2,3,1,0,1,3,0,1,0,3,1,0,0,3,0,1,1,0,1,2,1,0,0,2,2,0,0,3,2,3,2,0,0,1,3,2,2,2,2,1,2,1,2,1,1,3,2,1,2,1,0,0,1,0,a0ac74c425f9209b5b167bb2305fdb0c2f08bf985addd3a5fc3adbb3a8fa8242,1
243,3,12,2,0,2,3,2,3,2,1,1,0,0,2,1,0,2,2,0,1,2,3,3,0,0,1,3,2,0,2,0,0,3,2,1,3,1,3,3,3,1,3,0,0,3,2,2,0,0,3,1,1,2,1,0,3,0,3,0,3,1,2,1,2,1,3,2,3,0,0,3,0,0,3,3,1,3,3,2,3,1,2,0,1,0,3,2,1,1,1,0,1,2,0,1,1,1,2,0,3,2,0,2,2,3,2,3,0,2,2,1,0,2,1,3,2,1,0,3,1,1,3,2,3,1,2,1,0,0,1,41a8c9ae3446451b8c6efcbce4ad35d705a9ea322dba7c1efa5366bd0cca6b20,1
195,9,5,1,1,1,1,3,3,0,0,0,0,2,1,1,2,1,2,1,3,2,2,3,0,1,3,3,2,0,0,2,1,0,1,1,3,0,3,3,3,2,2,1,1,3,2,0,1,0,3,2,0,2,3,1,3,0,3,0,3,0,3,3,0,2,3,3,1,2,0,1,1,3,3,2,0,2,1,0,2,0,2,0,2,0,2,2,0,0,2,1,3,3,0,3,1,0,1,1,3,2,0,0,3,2,3,2,2,2,2,1,1,1,3,3,2,1,3,1,1,0,3,2,2,1,2,1,0,0,0,a18bf6530e5b4cebbc4b1c9bf7d86bf2367d8c8693eb912599d1fe3c82f655bc,1
227,9,3,2,0,2,0,3,2,2,1,2,0,1,0,2,0,1,3,2,0,3,2,3,0,0,3,2,2,1,0,2,3,1,2,3,3,3,1,3,3,2,3,2,2,2,0,2,0,0,3,3,0,3,3,1,3,1,3,1,2,0,2,1,0,3,3,2,3,1,0,2,1,0,3,3,1,2,1,0,2,1,0,0,2,1,2,3,1,1,1,0,2,1,1,1,0,0,1,0,3,0,0,0,2,3,3,3,0,2,1,3,3,1,0,1,1,1,2,2,2,0,3,2,1,0,1,1,3,0,1,09a631045ebe4161011e3342035da14672df35d8acd5a84e204687b33cae3ce8,1
18,8,2,2,1,2,2,3,3,1,1,1,1,1,3,3,3,2,2,1,3,0,2,3,1,2,1,3,0,0,0,0,1,1,3,0,3,3,1,2,0,0,0,1,2,0,3,0,0,3,3,0,0,0,1,0,2,3,3,1,3,0,1,3,1,1,2,2,0,2,2,2,1,3,3,3,2,2,3,1,1,3,3,0,2,2,3,1,0,0,1,0,0,2,0,0,2,0,0,1,2,1,0,0,1,3,2,0,1,0,3,3,2,2,2,2,2,1,1,3,1,0,2,2,2,3,2,1,2,3,0,ba8689e91ab9bed76b5add19310c25d9851f491a367dcc1281ef7abc8cb2222c,1
243,3,12,2,0,2,3,2,3,2,1,1,0,0,2,1,0,2,2,0,1,2,3,3,0,0,1,3,2,0,2,0,0,3,2,1,3,1,3,3,3,1,3,0,0,3,2,2,0,0,3,1,1,2,1,0,3,0,3,0,3,1,2,1,2,1,3,2,3,0,0,3,0,0,3,3,1,3,3,2,3,1,2,0,1,0,3,2,1,1,1,0,1,2,0,1,1,1,2,0,3,2,0,2,2,2,2,3,0,2,2,1,0,2,1,3,2,1,0,3,1,1,3,3,3,1,2,1,0,0,1,bfe4f1f75c3e323cb29961b03b3e2bd14ef99b819485011d7784f6d256c10e9f,1
100,4,13,2,2,1,2,3,3,2,0,1,0,0,0,2,2,2,2,1,1,2,1,3,0,1,2,3,1,0,1,0,0,1,3,1,3,2,2,3,3,1,3,2,2,3,1,2,1,2,3,2,2,3,0,0,3,0,3,0,2,0,3,0,0,2,2,3,3,3,0,3,1,0,3,3,0,2,2,2,3,0,3,0,0,1,2,1,1,1,0,0,0,1,1,1,1,1,3,1,2,1,0,0,3,3,3,2,0,2,2,1,1,1,1,3,3,0,0,3,0,0,3,2,3,2,1,1,0,2,1,a9514e78ea171744f6db6ea315f5bb23cd0855916f334c54d0323a4c60bfa3ae,1
18,11,6,2,0,2,0,3,3,1,2,0,3,1,2,1,1,1,2,0,3,0,3,3,0,3,0,2,1,3,2,0,1,3,3,0,3,3,0,0,0,1,1,0,2,1,3,0,1,2,3,0,0,2,1,2,1,1,3,0,3,0,1,3,0,1,1,2,1,2,0,2,2,1,3,0,1,1,3,0,0,2,3,0,2,0,3,0,0,0,2,1,2,3,1,1,3,0,1,0,3,2,2,0,2,3,2,0,1,0,2,2,2,2,2,3,1,1,2,3,3,2,2,3,2,3,3,1,1,0,3,4600295cc29ffb20f9791d9ea85373be171f858b0c2eb6f181c2aceb638fc44b,1
242,2,2,1,2,1,0,3,3,1,1,2,0,1,2,0,0,3,2,1,3,2,3,3,0,0,3,2,2,1,0,2,2,0,1,2,3,2,2,3,2,3,2,3,0,3,1,0,1,0,3,3,1,3,3,1,3,1,3,0,2,0,3,2,0,2,3,1,1,1,2,1,3,0,3,3,0,0,1,0,2,0,3,1,3,1,2,2,0,0,3,0,2,2,0,2,1,0,3,0,3,2,0,0,3,2,3,2,2,1,2,1,1,0,2,1,0,1,2,3,1,0,3,1,2,0,0,1,1,1,1,10a68cfd7ba390b5ce472fe7a71043b8ec6305248dd7c046473292ec61404ffc,1
50,14,6,1,1,3,1,3,3,2,0,1,3,0,2,3,0,3,2,1,3,2,3,3,0,0,1,3,2,0,2,0,0,1,3,2,3,2,2,0,2,0,2,1,2,1,3,2,1,2,3,0,2,1,1,0,3,0,3,1,2,0,3,3,1,1,2,2,2,1,2,3,2,1,3,2,1,3,3,0,2,0,3,0,0,0,3,2,0,1,2,1,0,2,0,0,1,1,2,1,3,1,0,0,2,3,1,0,0,2,2,1,0,2,1,3,0,3,0,3,3,0,1,3,2,1,3,1,0,0,0,44ac8b0b11456c5b64a62bba1b2ffa84c17eb9226555e4be96800d05bac6b835,1
19,11,4,2,2,0,1,0,3,2,1,2,0,0,2,2,0,2,2,3,1,3,3,3,0,1,1,2,0,1,0,2,3,0,3,2,3,2,3,1,2,3,3,2,0,1,1,3,0,0,3,1,0,1,0,0,3,0,3,0,2,0,3,0,1,3,2,3,2,1,0,3,0,3,2,2,2,1,2,1,3,0,3,0,1,0,3,2,3,1,3,1,0,2,0,1,3,1,3,1,1,3,1,1,2,0,1,2,3,2,2,2,0,1,1,3,2,1,0,3,1,0,2,2,2,3,1,1,0,1,0,768f92cd8ac3bdaad411575b1b6296c95f3084774c13739628e18188e9ee3cf3,1
114,0,8,1,3,1,0,3,1,1,1,1,1,1,0,3,1,1,3,2,3,1,2,3,0,0,3,3,0,0,1,1,0,2,3,2,3,1,2,3,3,3,3,2,0,3,3,2,0,2,3,2,2,3,0,1,3,1,3,0,3,0,3,0,0,0,2,1,2,3,0,2,1,2,2,2,1,3,2,0,2,0,2,2,0,2,2,2,0,1,2,0,2,1,0,3,1,0,2,0,3,0,0,0,2,0,3,3,1,0,3,2,0,2,2,3,2,0,0,1,3,0,2,1,2,1,1,1,1,1,1,f0675ddef4ede7bac04de4d268bdbc62d6fc53cbef87b2a8d4e7f83b049916a0,1
193,8,8,1,0,0,3,2,3,0,2,3,0,0,2,2,0,2,1,0,2,1,3,3,0,1,0,2,0,2,1,1,1,0,2,0,3,1,1,2,0,1,3,2,3,3,3,0,1,3,3,2,1,2,0,0,3,1,3,3,2,0,1,3,2,2,0,2,0,3,1,2,2,3,3,2,0,1,2,1,3,0,3,0,0,1,3,3,1,0,2,1,1,1,0,3,2,2,1,2,2,1,1,1,2,3,1,0,0,2,3,0,3,3,2,3,0,1,3,3,1,1,2,2,1,3,2,0,0,1,0,b2484cd0ead281454c351f9ad60de91920a2bf69c005c40ccd887902785d5bc3,1
82,9,4,2,0,1,1,3,3,2,1,1,2,0,2,0,0,3,2,1,2,2,3,3,1,1,0,3,1,0,0,2,1,1,3,1,3,3,3,1,3,3,3,3,2,2,2,1,0,0,3,0,1,2,1,0,3,1,3,1,3,0,2,3,0,2,1,3,2,1,2,3,2,2,3,0,2,2,3,2,0,2,3,0,0,0,3,1,3,0,1,2,0,3,0,1,2,1,2,1,3,0,0,0,0,3,3,0,0,0,2,1,2,2,1,3,1,1,0,3,0,0,2,1,2,2,2,1,1,0,1,9ce6b760cd7f36cae2b591d818a8c83ff9e1aa4e0501bc1a354818bb0472e3c1,1
19,14,7,1,1,2,1,3,3,3,2,2,0,2,2,1,1,3,3,0,2,0,3,3,0,2,0,3,0,0,0,2,1,3,3,0,3,3,2,3,3,1,3,2,3,3,2,3,0,1,3,0,1,1,1,1,3,0,2,0,1,1,2,2,3,0,0,3,1,2,0,3,0,1,3,3,1,3,2,1,3,0,2,0,0,0,3,3,0,2,2,0,1,1,0,2,2,1,2,1,3,1,0,1,2,2,1,2,0,2,1,2,0,1,2,3,2,0,0,3,2,0,1,1,1,2,1,1,0,1,0,61b4d53d5345b18cf226c04a60eee8ed2f0c6b171e33021828735848a4b23603,1
241,5,0,2,1,2,2,3,3,0,3,2,0,1,1,2,1,3,2,1,3,2,3,3,0,2,0,3,0,2,1,1,1,0,2,1,3,2,2,1,1,2,1,2,2,0,3,0,1,1,3,1,3,1,0,0,1,0,3,1,3,0,2,3,2,2,0,1,0,0,2,1,1,0,2,3,0,2,2,2,1,2,3,2,0,1,3,2,3,0,3,0,1,3,0,1,3,1,0,0,2,0,0,0,3,3,3,0,1,0,3,1,3,2,3,3,0,0,0,3,3,0,3,0,1,1,2,2,1,1,1,4f0b990a542029954925cc9ed74331e7459adab6cfcb60881ec06e44b23c3277,1
67,7,0,1,0,2,3,2,2,3,0,2,1,0,0,1,2,1,1,2,3,1,2,3,0,0,2,3,1,1,1,0,0,1,3,0,3,3,2,3,3,1,3,2,2,3,2,0,0,1,3,2,3,2,0,0,3,1,3,0,0,1,2,1,1,3,3,1,2,3,1,3,1,1,1,3,1,2,3,0,3,0,2,0,0,0,3,1,1,3,0,0,1,1,2,2,3,3,2,0,1,1,3,1,3,2,1,3,0,2,3,0,3,0,0,1,2,0,2,2,0,2,2,2,2,0,0,1,2,0,2,3a8e31e4a2e02522418612694755202f15d371b10b74c86e2c8d5a9581eb5192,1
162,12,6,1,1,1,0,3,3,0,0,1,1,1,1,1,1,2,3,1,3,2,3,3,0,1,3,3,1,0,0,3,1,0,0,2,3,1,2,3,3,2,3,3,1,3,2,0,0,0,3,2,1,3,2,2,3,0,3,0,2,0,2,1,0,2,3,1,1,1,0,2,3,0,3,2,0,2,1,2,2,2,3,0,2,1,1,2,0,1,2,0,2,2,0,1,2,0,1,2,3,2,0,0,3,3,3,1,2,2,0,3,2,0,3,2,0,0,1,3,1,0,3,2,2,0,1,1,3,0,0,f4bd9a605cf403c428267d849bcd8c103af4c2dbd1831cb2b7d035b7bac26f87,1
162,12,7,1,2,0,1,1,3,2,1,2,0,0,1,3,0,1,1,1,0,3,3,3,0,1,0,3,0,1,1,0,1,1,3,1,3,0,2,2,3,2,3,2,0,2,3,2,0,2,3,3,0,2,0,0,3,0,3,2,2,0,2,1,3,3,1,2,2,0,2,3,1,3,3,1,1,1,2,1,3,1,3,0,0,0,3,2,3,2,1,1,0,0,0,0,3,1,3,2,2,3,0,0,1,2,2,1,3,3,1,2,1,1,0,2,3,2,0,2,2,0,3,2,2,1,3,0,2,1,0,f0ada2c1c7c6b6a28d9bfcb5c43075585e6f962aadf98db66e61135da682a6f5,1
226,14,11,1,0,2,2,2,3,3,0,3,0,0,2,2,2,3,2,1,3,0,2,3,0,0,1,3,0,1,0,0,0,0,3,1,3,3,3,2,2,1,2,2,1,3,1,1,2,1,3,1,2,2,1,0,3,0,3,0,2,0,3,0,1,3,3,2,3,1,0,3,1,0,2,3,2,1,1,1,3,1,3,0,0,2,3,3,2,1,0,0,0,1,0,1,3,1,3,0,2,1,0,0,2,3,1,2,3,1,3,2,2,1,0,3,2,0,0,3,1,0,2,1,2,2,1,1,1,2,1,4cd5109baa035b830a1adef5ccc0908a28523add621424e9ea753148e5c802b6,1
228,12,6,2,0,2,0,3,3,2,2,2,1,1,1,0,1,1,3,1,2,3,2,3,0,0,3,2,2,1,0,2,3,0,1,3,3,3,2,3,3,2,2,2,1,3,0,1,0,0,2,3,0,3,3,1,3,0,3,0,2,1,3,1,0,3,3,2,3,1,1,1,2,0,3,3,2,1,1,1,2,0,1,0,2,0,2,2,0,1,2,0,2,1,0,2,1,0,1,0,3,1,0,0,3,2,3,3,0,1,0,3,3,1,2,1,0,0,2,3,1,0,3,2,2,0,1,1,2,0,1,f39e64d104e6224078b5ebb98c002ef3ceec0507fbaaa8d507afa5e83039592c,1
18,5,1,1,1,2,0,3,3,1,3,2,1,1,2,1,0,2,3,1,3,3,3,3,0,0,2,2,1,2,0,1,2,0,2,1,3,3,1,3,3,0,2,3,1,3,1,0,0,1,3,2,1,3,2,0,3,0,3,0,2,0,2,3,0,1,0,2,0,2,1,2,3,0,3,3,1,1,3,0,1,1,3,0,2,1,1,2,0,0,1,0,1,2,0,2,2,0,2,0,3,2,0,0,3,3,3,2,1,0,1,2,3,2,2,1,0,2,2,3,3,2,2,3,1,1,0,0,1,0,1,f004cccf48235a0348da34ca39df8786d4f01b1dcc7b55bb22acbd2d2b6ca76c,1
209,8,5,2,1,0,3,2,3,1,2,2,1,0,3,2,0,3,3,2,2,2,3,3,0,1,0,3,0,0,0,1,1,2,3,0,3,1,3,2,1,1,3,3,3,1,3,1,1,2,3,1,1,0,0,1,3,0,3,2,1,1,3,2,2,2,2,2,1,2,0,3,2,0,3,1,1,0,2,1,1,1,3,0,0,2,3,3,1,0,2,0,1,2,0,0,2,1,1,0,3,0,0,0,2,3,2,3,0,2,2,0,1,3,2,3,1,2,0,3,3,0,1,0,2,0,3,1,0,1,1,3753535047547fbb23cca1a81105c730496413ba11a0f5143dae14e8fa22d6ce,1
18,13,7,1,0,2,1,2,3,1,2,1,1,2,2,0,1,2,3,0,3,0,3,3,0,0,0,1,1,3,1,0,0,2,3,0,3,2,0,1,3,2,0,1,3,2,3,0,2,2,1,1,0,0,1,1,1,1,3,2,3,0,0,3,2,2,1,2,1,3,1,1,2,1,3,0,0,1,3,0,0,2,3,0,2,0,3,1,2,0,2,0,1,1,1,1,2,0,2,3,3,2,0,0,3,3,2,0,0,2,3,1,2,2,3,2,0,2,1,3,3,0,1,3,1,2,3,2,3,3,3,108f4d26831a4b27fe0e11d547d8b083fe3fd66fe57173df1b46e240eb8d1bbf,1
146,4,14,3,0,1,1,3,3,1,1,1,1,0,2,0,1,0,3,1,2,3,3,3,0,0,2,2,2,0,0,3,3,2,3,2,3,3,1,3,1,2,3,2,0,1,1,2,0,0,3,3,0,3,3,1,3,0,3,2,2,0,1,1,0,3,2,2,3,2,1,2,2,1,3,3,1,2,3,0,1,0,2,0,3,2,2,2,0,0,1,0,1,2,0,1,0,1,0,0,3,1,0,0,3,2,3,2,0,1,2,2,3,1,0,2,1,0,2,3,1,0,3,2,0,2,1,1,2,0,0,dec6cbba3ff7fee1e6c016fd06a8fed4a890b136414a38ce3151d39e50e63d5a,1
193,3,4,3,0,0,1,2,2,0,2,3,0,0,2,2,0,2,1,1,1,3,3,3,0,1,0,3,0,2,2,0,0,0,3,1,3,1,2,1,0,2,3,1,3,2,3,0,0,3,3,3,1,1,1,1,2,0,2,3,2,0,1,2,2,1,1,2,1,2,0,2,3,3,3,2,0,3,2,0,1,1,3,0,1,1,3,3,1,0,3,2,0,1,1,3,1,3,0,2,2,1,0,0,2,3,0,0,0,3,1,1,3,2,3,3,0,2,1,2,2,2,2,0,1,3,2,0,0,0,0,da135e810017a2fbe827a99a7466de37d867a15fedbfd9b64699bd1969643af2,1
131,6,12,2,2,0,2,3,3,0,2,1,3,0,1,0,0,2,1,2,2,1,3,3,1,0,0,3,2,0,2,1,1,0,2,3,3,3,2,0,0,0,1,0,0,0,2,1,0,1,1,1,0,0,3,3,2,1,3,1,2,1,2,3,1,1,0,2,2,0,1,1,3,1,3,2,1,0,2,3,0,2,3,1,2,2,3,1,3,2,1,3,1,3,0,2,0,0,3,0,3,2,1,1,0,3,3,0,3,1,1,0,1,2,3,2,2,2,1,3,3,2,1,3,0,3,2,2,3,0,0,ae886bd27fb1e9f73d55ca50ceb9a50d191fa7688c1fe65851616ac6871fdefc,1
210,2,10,1,0,1,2,1,3,2,0,2,0,1,2,2,1,2,2,1,2,1,3,3,0,1,1,3,0,0,0,0,2,1,3,2,3,2,3,2,3,1,3,1,1,2,3,1,0,2,3,1,0,3,0,0,3,0,3,1,1,0,3,1,1,2,3,1,2,1,0,3,2,0,3,3,0,3,2,1,3,0,3,0,0,1,3,3,0,2,2,0,0,2,0,2,1,3,3,0,1,1,1,0,3,2,0,3,0,2,3,1,3,2,2,3,2,2,0,3,2,0,2,1,1,2,2,1,0,0,1,06f044c406a30762ae537dd7a575e9b55d9ebcc8820cc44902d86717d18daee5,1
148,2,10,2,0,2,2,3,1,2,0,0,0,0,3,2,1,3,2,1,2,0,3,3,0,0,2,3,0,3,2,0,1,3,2,1,3,1,1,2,2,1,1,0,0,3,2,1,0,3,3,2,0,3,0,0,3,0,2,1,2,0,2,3,0,1,3,1,1,1,0,3,3,0,3,3,1,3,3,1,3,1,2,0,1,1,3,1,2,2,2,0,3,2,0,3,2,1,2,3,2,0,0,3,2,1,3,2,0,0,3,0,1,1,0,1,3,0,0,2,2,1,2,2,2,1,1,1,3,1,1,3f01157df50f276b160fefbb9898c4230792ef6c152949bf0f754218e48b34b2,1
37,12,14,1,1,0,1,3,3,0,3,2,1,0,2,3,0,3,3,0,2,0,3,3,3,1,1,1,2,0,3,3,0,0,1,2,3,1,0,3,1,2,1,0,2,2,3,2,2,2,3,0,2,2,2,2,2,1,2,0,0,1,3,3,2,3,1,0,3,1,1,2,1,2,3,0,0,2,2,1,0,0,1,0,1,1,3,1,3,2,3,0,2,1,1,1,3,1,3,2,0,3,1,2,0,3,2,1,3,1,3,0,3,3,2,2,0,1,1,2,1,3,0,2,0,0,0,0,0,0,2,5300081c485d1c77fbd38943e260aa42c71dbc54a2db81b69c7ce849e71f5e3a,1
195,15,8,0,1,1,2,3,2,3,0,1,0,0,1,2,0,3,3,1,2,3,1,3,2,2,2,3,1,0,1,0,0,2,3,1,3,3,1,3,3,3,3,1,1,3,1,2,1,0,3,2,1,2,1,0,3,0,3,0,3,0,2,0,1,0,3,1,3,2,1,3,1,0,3,3,2,3,2,1,3,0,2,0,0,0,2,2,2,2,0,0,1,1,0,1,0,0,2,0,2,0,0,1,2,1,3,3,0,2,2,1,1,3,1,2,2,1,0,3,2,0,3,3,2,2,2,1,0,0,2,655ea57c28f1b938359146a885e54f0992b02856461383502357b1a0e4025bcc,1
212,13,0,0,0,0,2,3,3,1,1,3,2,1,3,2,3,1,3,1,0,0,3,3,0,1,0,1,2,3,3,0,0,0,1,2,3,0,2,0,1,3,1,2,3,0,3,0,1,3,3,1,0,2,1,0,2,2,2,1,2,2,1,2,2,0,0,1,3,2,0,3,2,1,1,2,2,2,3,0,2,0,1,1,1,3,3,0,3,2,3,0,3,0,1,1,2,2,0,1,3,1,1,3,2,0,0,0,3,0,3,2,2,3,3,1,1,0,2,2,2,0,1,3,3,1,1,2,1,2,0,c9a01cf84f320fa0e38218b8f852613ecef3ac6f3722527d7b497e693990d818,1
18,10,4,1,1,1,2,2,3,3,1,2,0,0,3,2,0,3,3,2,3,3,3,3,0,2,2,3,1,2,0,2,0,1,3,0,3,2,2,1,2,1,2,1,2,1,3,1,0,2,3,1,0,2,0,1,3,0,3,1,3,0,1,2,1,1,1,2,0,1,0,2,0,1,3,1,1,2,3,1,2,0,3,0,0,0,3,2,0,3,2,0,0,2,0,1,3,0,2,1,3,0,0,1,2,3,1,0,1,2,3,0,2,2,0,3,1,2,1,3,2,1,3,3,2,2,2,1,0,0,0,ceb70dd614eafe35d45073e557b61234c9aadec5869b9be8c8dd5e2443e653f8,1
68,2,10,1,1,1,3,2,3,2,1,1,1,0,1,2,1,2,3,1,1,2,1,3,0,1,2,3,0,0,1,0,1,1,3,2,3,1,3,3,3,2,3,2,1,3,1,2,2,0,3,0,0,1,0,2,3,0,3,0,2,2,3,0,2,2,3,1,3,3,0,3,1,0,3,3,1,2,2,0,2,0,2,0,0,0,2,3,0,3,2,0,0,2,0,1,0,3,2,0,3,2,0,1,2,1,3,3,0,1,2,3,0,1,0,3,1,2,0,3,2,0,2,1,3,1,2,2,0,0,1,4b909ad98433f012b853ba9dce7b20aba815b643fd99982d83c6e053b8db2b39,1
65,12,8,0,3,2,2,3,3,3,3,0,1,0,0,3,1,3,0,0,3,2,2,3,2,2,1,0,3,2,1,1,1,1,2,3,3,1,1,2,1,1,1,0,0,2,2,1,0,2,3,1,1,0,3,0,1,2,3,0,1,2,2,3,1,0,2,1,3,3,2,2,0,1,3,2,2,2,3,3,3,0,3,2,3,0,2,0,3,3,0,1,1,2,1,0,0,3,3,0,2,2,2,1,1,3,0,0,0,1,0,0,1,2,0,2,0,1,2,3,0,3,1,2,0,0,1,2,0,0,2,930f50bc308b7e670550f19ac76bdf6bc1258650e184653210c253519d2a40a0,1
18,9,6,3,1,3,1,3,2,1,3,3,1,0,1,3,0,3,1,1,2,1,2,3,0,1,0,3,0,1,1,0,1,0,2,0,3,2,1,2,3,2,0,2,1,1,3,0,0,2,3,1,2,0,0,0,2,0,3,0,3,0,2,3,0,2,1,3,0,3,1,2,2,2,3,3,0,1,2,1,0,2,3,0,2,0,3,2,1,1,2,0,0,2,0,1,2,1,0,2,3,0,0,0,2,3,3,0,1,0,3,1,3,2,2,2,0,2,1,3,3,1,3,1,2,1,2,1,0,2,1,bb168b525f99648ec1243755ff905a5f4c9f3212bcde7216a7cd11706a49c464,1
194,1,11,2,0,1,1,2,3,0,1,2,1,2,2,1,1,2,2,1,3,3,3,3,0,2,0,3,2,1,2,0,0,0,2,1,3,1,1,1,0,1,1,1,1,0,3,1,0,3,3,0,0,0,3,1,1,0,3,3,3,0,1,2,3,0,0,2,2,2,2,3,3,0,3,1,3,2,3,2,1,2,3,0,0,0,3,0,3,1,1,0,3,3,2,0,0,0,0,0,3,3,1,2,2,3,3,2,1,3,2,0,2,1,2,3,0,1,0,1,3,0,2,2,2,2,2,1,2,1,1,a685aaaa8530a35b9cc17027e216e09106090f6396431c0e5f75080f754b9e29,1
163,9,3,2,0,2,0,3,3,2,2,1,2,1,1,0,1,1,3,2,2,3,3,3,0,2,2,3,1,0,2,2,3,0,0,3,3,3,2,3,3,2,3,1,0,3,0,0,1,0,3,3,0,3,3,1,3,0,3,0,3,2,2,1,0,2,3,2,1,1,0,1,3,0,3,3,1,2,1,2,3,0,2,0,1,2,2,2,0,1,2,0,2,2,0,0,0,0,1,1,2,1,1,0,3,1,3,3,0,1,1,3,2,1,1,1,1,2,0,3,1,0,2,1,2,0,2,0,1,0,0,0425d892a83038060a112daa7687616d51b14c17cd49ce740a67879c85b20440,1
132,1,9,1,1,2,2,3,3,2,1,2,0,0,1,2,1,2,3,1,2,2,2,3,0,1,1,3,0,0,0,1,2,2,3,2,3,2,3,3,3,3,3,1,0,3,1,2,0,0,3,2,0,1,0,0,3,1,3,0,1,1,3,0,1,2,3,2,2,2,0,3,1,0,3,3,1,3,2,1,3,0,2,0,0,0,3,2,1,2,1,0,1,2,0,1,1,2,3,0,3,1,0,0,3,1,3,2,0,2,3,2,0,0,1,2,3,1,0,3,2,0,3,2,2,1,1,1,0,0,1,32d901a8d1e848d2360fc609edb94a92b0415899b6a73014d8433ef240a1abe0,1
66,9,1,1,2,1,0,3,3,2,1,1,1,1,2,2,0,3,3,2,3,1,3,3,0,1,3,2,0,0,0,1,2,0,0,2,3,3,2,2,3,2,0,3,2,2,2,0,0,0,1,3,2,3,1,0,3,0,3,0,3,0,3,2,0,1,2,1,1,1,2,2,2,0,2,2,2,3,1,0,1,0,3,0,1,1,2,2,1,0,2,0,3,2,0,1,1,0,2,0,3,1,0,2,3,3,3,1,3,1,1,1,2,1,3,2,1,0,0,3,3,0,3,0,3,1,3,1,2,1,0,36464f7f235f116eaacfa49e27f150faf8a53589b7a02ab5eb296ced5a29726b,1
163,1,9,2,1,2,1,1,3,2,1,2,1,1,1,2,0,1,3,2,0,3,2,3,0,0,1,3,0,0,1,1,1,1,2,1,3,2,2,2,3,2,3,1,2,2,2,3,0,1,3,2,1,2,0,0,3,0,3,0,2,0,3,0,1,1,3,2,3,2,0,3,1,0,3,3,1,3,3,0,3,0,2,0,0,0,3,3,0,3,1,0,0,2,0,0,1,1,3,0,3,1,1,0,2,2,1,3,0,2,2,2,1,0,1,3,2,2,0,3,2,0,3,3,2,1,3,1,0,2,1,9672a3b69079a323e91905f57b3f6113d4fa0ffc9bb22901e1e084b08b6375ff,1
212,13,6,2,1,2,2,2,3,2,2,1,0,0,1,3,0,1,2,1,2,1,2,3,0,0,0,3,0,0,2,0,1,0,3,1,3,2,2,2,2,3,2,2,0,2,1,3,0,0,3,3,2,3,0,0,3,0,3,0,3,0,2,1,2,3,3,2,2,1,1,3,1,1,3,2,0,2,3,0,3,0,2,0,0,0,3,2,3,1,1,1,0,1,0,0,3,2,3,0,3,3,3,1,3,3,3,1,3,1,1,1,2,2,1,1,1,1,0,3,1,0,2,1,2,1,2,1,0,0,1,9aabec45e2e6672562b314b1433b709b7594b334a00dfea036fb45146b1b4eb2,1
115,6,13,2,0,2,2,2,3,1,0,1,0,0,2,2,1,2,3,1,1,0,2,3,0,2,1,3,3,0,0,0,2,2,1,1,3,1,2,3,2,3,1,3,1,3,2,2,0,2,3,1,0,3,1,1,3,0,3,1,2,0,3,1,2,2,2,0,2,2,1,3,0,0,3,2,2,1,3,2,3,0,3,0,1,0,3,2,0,1,0,0,0,3,0,0,1,1,3,1,1,1,0,0,3,1,3,3,0,2,3,3,0,2,2,1,1,2,0,3,3,0,3,1,1,1,2,3,0,2,1,f82caf50090ebcbf7dccee20268ee807afb5b843a21aef347cb086345cfb3688,1
37,10,12,1,1,1,2,3,3,1,3,0,0,0,0,2,0,1,2,1,2,0,2,3,0,0,1,2,0,1,1,0,0,1,2,1,3,0,0,1,1,3,2,2,2,1,3,3,0,2,3,2,2,3,0,0,3,2,3,1,2,1,2,2,3,3,2,0,2,0,2,3,1,3,3,2,0,0,3,0,1,0,2,0,1,2,3,1,3,1,1,3,2,1,1,1,3,3,3,0,2,3,3,1,3,3,0,2,3,0,0,1,3,1,0,2,1,0,0,2,1,2,2,3,2,2,0,3,1,0,0,3abd3d8874b89a35ca4e53379927cfb1e8be3680ded0280e3e67efce8af38571,1
100,3,3,0,3,2,3,3,1,1,0,1,1,3,3,0,3,2,0,0,1,1,0,3,2,3,0,2,3,0,3,2,3,2,1,0,3,2,1,2,3,0,1,3,3,2,0,1,3,3,3,0,0,2,2,1,2,0,1,1,1,3,3,0,3,1,3,2,2,2,3,1,1,3,2,0,1,2,2,3,2,0,0,0,0,2,3,0,3,1,1,0,0,3,1,0,0,1,3,0,2,0,2,1,2,3,1,0,1,1,1,2,0,2,0,2,2,1,1,3,1,0,2,2,2,1,3,2,0,1,2,dee63f9aea90a0ec52670e29cc8438a011a14ac8abeaee512d8c66d70be59d89,1
163,2,11,2,0,1,1,3,3,1,1,1,0,0,2,2,0,3,3,2,0,1,1,3,0,2,2,3,0,0,2,1,1,2,2,1,3,2,3,3,3,3,3,0,1,3,2,2,2,1,3,2,1,2,0,0,3,0,3,0,1,0,3,0,0,2,3,1,3,2,0,3,1,0,3,3,1,2,2,1,3,0,3,0,1,1,3,2,3,2,1,0,0,2,1,1,0,0,3,0,1,0,1,0,2,2,3,2,0,1,2,2,0,2,1,3,1,1,0,3,2,0,3,2,3,2,2,0,1,1,1,d3f9d65f40227bbe8e5390e8d4291d2deba68de59f4dd054e707802e14c58952,1
99,15,7,2,2,3,3,1,3,1,3,1,0,0,1,3,0,2,2,1,1,1,3,3,0,2,0,2,1,0,0,0,0,2,3,0,3,1,2,2,0,2,2,3,3,2,3,2,1,0,3,0,1,1,0,1,3,1,3,0,3,0,3,3,0,2,2,1,1,1,0,2,0,0,3,1,0,3,2,2,0,2,3,0,0,1,3,2,2,1,2,0,0,3,0,1,1,0,1,1,3,2,0,1,2,3,1,1,0,2,2,1,3,1,2,3,2,2,1,3,3,2,1,3,2,3,3,1,0,2,0,246d9bd930cb2d085b2bd9d015b4e236039fc0832f810fd991f99c8b786a76a4,1
129,2,15,1,1,0,2,3,3,2,3,1,0,2,1,3,0,3,3,1,2,2,3,3,1,2,1,2,2,0,1,1,1,0,3,0,3,2,1,3,0,0,1,2,3,2,3,3,1,1,3,1,2,2,0,0,3,0,3,0,3,0,1,3,0,2,2,1,3,1,2,1,1,0,3,2,0,0,3,0,1,0,3,0,0,0,3,1,1,0,2,0,2,3,0,1,2,1,1,1,3,0,1,0,2,3,3,2,0,1,3,0,2,3,2,2,0,1,1,3,2,2,1,0,1,1,1,2,0,1,3,6c47e1e4fcb8d3b60aaaeb9112c24574617788df12d68517c6f9fbd50325b86b,1
163,2,10,2,1,2,2,2,3,2,0,1,0,0,1,3,2,1,2,2,2,2,1,3,0,1,2,3,1,0,1,0,0,1,3,3,3,1,2,2,3,2,3,1,2,2,1,2,1,1,3,1,0,1,1,0,3,0,3,0,2,0,3,2,1,0,3,3,3,1,0,3,1,0,3,3,1,2,2,1,3,0,3,0,0,3,3,3,1,2,2,0,0,1,0,3,0,1,3,0,3,0,0,1,2,2,1,2,0,2,3,3,0,1,1,3,2,1,0,2,0,0,3,2,3,2,2,0,0,0,1,ca2fe634360c759e1fee81c5555f695cc5d48b19465f66f003fd6387056d9ec8,1
145,6,2,1,0,1,2,3,3,2,2,3,0,2,3,2,0,3,2,2,2,2,3,3,0,3,0,2,1,2,0,2,0,0,2,0,3,2,3,1,2,1,3,2,2,0,3,1,0,2,3,2,2,0,1,0,3,0,3,1,3,0,0,3,1,2,1,1,0,1,1,3,0,0,3,1,0,2,2,2,0,1,3,0,0,1,3,1,3,1,3,0,2,3,0,0,1,2,1,0,3,0,0,0,2,3,0,2,0,1,1,2,1,3,2,3,0,2,0,3,2,0,1,1,3,3,3,1,1,1,1,64af6b5aefc582472761280b36344da043345f892199f75e4187e904c04a35db,1
194,5,11,3,0,3,3,0,3,0,1,2,0,2,2,0,0,1,3,0,2,2,3,3,0,3,0,3,2,1,3,3,1,1,3,3,3,1,0,2,0,3,0,0,1,0,3,2,0,2,1,0,0,0,2,2,2,2,2,1,3,0,1,3,3,1,0,2,0,2,1,2,3,0,3,3,1,1,3,3,1,2,2,1,1,0,2,1,1,1,1,1,2,3,1,2,0,0,0,0,3,3,2,2,2,2,2,2,1,0,1,2,2,1,3,3,0,1,1,3,2,0,1,1,3,1,3,0,1,0,1,3ab1aba951f870d389c8fed8c4fd1672128b06c2e8cbef49ae689b01907a5318,1
100,3,4,0,3,2,3,3,1,1,0,1,1,3,3,0,3,2,0,0,1,1,0,3,2,3,0,2,3,0,3,1,3,2,1,0,3,2,1,2,3,0,1,3,3,2,0,1,3,3,3,0,0,2,2,2,2,0,1,1,1,3,3,0,3,1,3,2,2,2,3,1,1,3,2,0,1,2,2,3,2,0,0,0,0,2,3,0,3,1,1,0,0,3,1,0,0,1,3,0,2,0,2,1,2,3,1,0,1,1,1,2,0,2,0,2,2,1,1,3,1,0,2,2,2,1,3,2,0,1,2,0fb3564e6c77da972a8a44b60c9a3467079092e1e0f440792ec4017defa1244c,1
99,6,1,2,0,3,1,3,3,2,2,1,0,2,0,1,0,2,3,1,3,2,2,3,0,1,2,2,1,0,1,1,2,1,2,2,3,2,0,3,3,3,3,2,1,3,1,0,0,1,2,3,0,3,3,1,3,0,2,0,3,0,2,1,0,2,3,3,3,2,2,0,3,0,3,3,2,1,3,0,1,1,1,0,2,0,2,2,0,1,2,0,1,0,0,2,1,1,2,0,1,2,0,0,3,2,3,3,0,1,0,3,3,0,3,0,2,1,0,1,2,1,3,3,0,1,1,1,1,1,1,2b5552dc61ce5dcb9c7c850754924488782ac98de4bdc529db1b88281279c174,1
82,9,6,1,2,2,0,3,3,0,1,1,0,1,1,1,1,2,3,1,3,2,2,3,0,0,2,3,0,1,0,2,2,0,0,3,3,1,0,3,3,3,1,2,3,3,2,0,0,1,3,3,1,3,2,0,3,0,3,1,3,0,3,2,0,2,2,2,1,1,0,2,2,0,3,2,1,1,2,0,1,1,3,0,1,1,2,2,2,0,3,0,3,3,0,2,2,0,1,0,3,0,0,0,2,3,3,2,0,1,0,3,1,1,3,2,0,2,1,3,1,0,3,1,2,1,2,1,2,0,1,3a21f8f56327204b8d629a6aea36dc902e10dcc21415918fc3e6a2ef0ded277f,1
178,12,8,2,2,2,1,1,3,1,1,3,0,1,2,2,1,1,3,1,2,2,3,3,0,3,0,3,0,2,0,0,0,2,3,0,3,1,1,2,0,2,3,1,1,0,2,2,1,2,3,0,1,2,1,2,3,0,3,3,1,1,2,1,1,3,3,2,2,2,0,3,3,0,3,1,0,2,3,0,1,1,3,0,0,1,2,1,3,1,0,1,0,3,0,1,1,2,3,2,3,2,3,0,1,3,3,0,0,3,0,1,1,1,0,2,1,2,0,3,2,2,2,0,2,2,3,0,0,0,0,b722fdbcdab3db2d928f2413b91f84659e14c7faf9ae51091c5083d8341005d0,1
18,13,9,3,0,3,1,2,2,1,2,1,2,2,2,0,1,2,1,1,3,0,3,3,1,1,0,2,1,1,3,2,0,1,3,1,3,3,2,1,2,2,1,1,1,0,3,0,1,2,3,2,0,2,0,1,1,0,2,1,3,0,2,2,0,0,1,3,0,2,2,2,3,0,3,0,1,1,3,1,0,2,3,0,1,0,3,0,0,0,1,3,3,2,3,3,2,0,1,2,3,0,0,0,3,2,0,1,3,3,1,0,1,2,3,2,1,0,0,2,2,1,3,3,2,3,2,1,0,0,3,2d2414e0e8ce063a7cfef3a1d9ecabc23cf2b7987227f2018f788b29d24a974b,1
83,4,2,2,2,2,0,3,3,2,3,0,0,1,1,0,0,2,3,1,3,1,3,3,0,2,3,2,0,0,1,1,2,0,2,2,3,2,1,3,3,1,3,3,2,3,1,0,0,0,2,2,0,3,3,1,3,0,3,0,2,1,2,1,0,1,3,3,3,2,2,1,3,1,3,3,2,1,3,0,2,2,2,0,1,1,1,2,0,1,2,0,1,1,0,2,1,0,2,0,3,2,0,0,3,2,3,3,2,0,0,3,2,1,2,0,0,1,0,1,1,0,3,3,2,1,1,1,1,1,0,5fa9e72b05f1a436a11331a86d022a542c47de6740978b99083bae866fb356fb,1
145,3,1,1,1,1,1,3,3,2,2,2,1,0,3,3,0,3,2,1,2,2,2,3,0,2,1,2,2,3,0,2,1,0,3,0,3,1,3,1,0,2,3,2,2,0,3,1,1,2,3,2,3,0,0,0,3,0,3,0,2,0,1,2,0,1,1,1,0,1,1,2,1,1,3,1,0,1,2,0,1,2,3,0,0,0,3,1,2,0,2,0,0,3,0,0,1,1,1,1,3,0,2,0,2,3,2,1,0,2,2,0,2,3,2,3,0,2,1,3,3,2,0,1,2,1,3,3,0,1,2,659054e476adccda7bb0fb37d88c5c43d5d2f296fd3e8255187995d977cc6fd1,1
82,15,9,1,0,0,2,2,2,3,2,3,0,0,1,1,1,3,3,0,1,2,2,3,0,1,0,3,0,1,0,2,0,1,3,0,3,2,2,2,3,1,2,1,2,0,3,0,0,2,3,0,2,1,0,0,3,2,3,0,1,0,1,2,3,1,1,2,2,2,1,3,3,1,3,1,1,2,3,0,3,1,3,2,1,3,3,3,1,0,2,0,0,2,2,2,3,1,3,3,1,2,1,0,3,2,0,1,1,1,2,0,0,0,2,2,0,3,0,3,3,0,3,1,1,2,1,3,2,0,1,905ccba2b370177160ca720b7542afa7eb99ddac36b823067024306895a87cf6,1
19,15,7,3,1,2,0,3,3,3,1,2,0,2,3,2,1,3,3,1,3,2,3,3,1,2,0,3,1,0,1,2,1,2,3,0,3,3,2,3,3,0,3,2,2,3,3,3,0,1,3,1,0,1,1,0,3,0,2,2,1,0,2,1,2,0,0,3,2,0,0,3,0,1,3,2,1,3,3,0,3,0,2,0,1,1,2,3,1,1,2,0,1,1,0,1,1,0,2,0,3,0,2,0,2,2,2,1,0,2,1,2,1,0,2,3,1,2,0,3,1,0,2,1,2,1,2,1,0,0,0,bbfe25609266ec1f301258badf885b2587dd098c2c8ea82cd383baf05dfdf814,1
131,3,12,1,0,3,2,3,3,3,3,0,0,1,0,2,0,2,1,0,2,2,3,3,0,0,2,1,2,2,2,1,2,0,3,3,3,3,0,3,2,3,1,3,3,1,3,0,0,1,2,2,1,3,0,0,3,0,3,0,3,0,1,2,0,2,2,0,1,2,1,0,2,2,3,1,0,1,3,1,1,2,1,1,1,2,2,1,0,0,3,2,3,0,0,3,0,3,2,3,3,1,3,0,2,3,3,2,0,0,2,1,3,2,1,2,1,0,2,2,0,0,1,0,1,1,1,1,1,1,2,74b362536fb672a8494b0a742f475b2e791281ba02699f0fa2580113825578a8,1
130,11,7,0,1,2,2,1,3,0,3,2,0,0,0,1,1,1,2,2,0,3,3,3,0,1,1,3,1,0,3,1,1,0,3,0,3,2,3,2,2,1,3,2,1,1,3,3,0,3,3,2,2,2,0,0,3,0,3,0,3,0,3,1,0,0,2,2,2,1,0,3,1,0,3,3,1,3,3,1,3,2,3,0,0,0,3,2,1,2,0,0,1,3,1,1,0,0,2,1,3,0,0,1,2,2,1,2,1,2,2,1,1,2,3,2,3,0,1,2,2,0,1,2,1,2,3,1,0,2,1,eca1f35cdec1dba5d3c67bd790cd4ccad751da14d100825419c20a21c3bdfd96,1
20,8,14,2,1,2,3,1,3,3,3,0,0,1,1,3,0,3,1,2,2,3,2,3,0,2,2,2,3,0,1,2,0,0,3,2,3,1,1,0,1,3,2,2,3,1,2,1,1,2,3,1,1,2,1,2,3,0,3,1,2,0,3,1,0,0,0,2,3,1,2,2,2,0,3,0,0,2,3,0,2,0,3,0,0,1,3,2,3,2,1,1,1,3,0,2,1,1,2,1,3,0,0,0,0,3,3,3,0,0,3,0,1,0,0,2,1,2,1,3,1,1,2,1,3,2,0,3,0,2,1,576192253b4078c25e837372df27f82dd9e759218f38fd6678aa0ee55c28e1f3,1
225,9,3,2,0,2,3,3,3,0,3,1,1,0,2,2,0,3,3,0,2,2,2,3,0,2,0,3,0,0,2,2,1,1,2,1,3,2,2,3,1,1,1,1,3,2,3,1,1,1,3,2,2,0,1,0,3,0,3,1,1,0,1,3,1,1,0,3,2,0,3,1,2,0,3,1,2,2,1,0,1,0,3,0,0,1,3,2,2,2,2,0,2,2,0,2,1,1,1,3,3,0,2,1,1,3,3,1,0,2,1,0,1,3,0,3,0,3,0,3,2,0,1,0,3,2,3,3,0,2,0,1688e0ead072e1e2723e0846b41e073c0f0c1fc86a0761320838d09e1dc32098,1
34,8,3,2,1,0,3,2,3,0,0,1,1,1,2,1,2,2,1,1,2,1,3,3,0,0,0,3,3,2,2,2,1,0,3,0,3,2,3,1,0,1,0,1,0,0,3,0,0,3,2,1,1,2,2,1,2,1,1,0,3,1,0,3,0,0,0,2,0,2,3,3,3,2,2,1,0,3,3,0,3,2,3,0,2,0,3,2,1,1,1,3,2,3,0,2,3,0,3,0,2,0,2,1,3,2,1,1,1,3,1,2,1,2,3,2,1,2,0,3,2,1,2,1,0,3,3,3,0,0,0,1b8d44ad39643ca32f3fe64229dc6f5a37605d44ea3bb7c5a43e6074b16a29f1,1
243,2,11,1,1,2,3,3,3,3,3,2,0,1,0,2,0,3,3,0,1,2,3,3,0,1,1,3,1,0,1,0,1,1,3,1,3,0,1,2,1,2,2,1,2,2,3,2,0,0,3,0,1,1,1,2,3,0,3,0,3,0,3,3,0,1,2,2,1,1,2,3,1,1,3,2,0,2,2,2,3,1,3,0,0,1,3,2,0,0,2,0,1,3,0,0,1,0,2,1,2,0,0,2,3,3,0,2,0,0,3,0,2,2,3,3,0,2,2,3,1,2,1,2,2,2,3,1,0,1,1,9902a3858fdd9325b43f0ce6aa2325ce03f62f877d4c3a65648429969e59704f,1
180,4,11,0,1,3,1,2,3,3,1,2,1,0,1,3,1,2,2,1,3,2,2,3,0,0,1,3,1,0,2,0,1,1,3,1,3,2,3,3,3,2,3,0,1,3,1,2,0,0,3,1,1,2,1,1,3,0,3,0,2,1,3,0,1,2,3,3,3,1,0,3,0,0,2,3,0,2,3,2,3,1,1,0,0,0,3,2,1,2,1,0,0,2,0,1,0,2,3,0,3,1,0,1,3,1,3,3,1,2,2,2,0,0,2,2,2,0,0,2,2,0,3,2,2,1,2,1,0,0,2,98d3a1b6d95aec5a44f34a67128e78ff1f4c296e1e75d167e1cb9f1f7a3240ed,1
226,0,8,3,0,3,2,1,2,0,2,2,1,2,2,0,0,3,1,1,3,0,3,3,0,3,1,3,0,1,3,2,1,0,3,1,3,1,1,2,1,1,1,0,2,0,3,1,0,3,3,0,1,0,1,1,2,2,3,2,3,0,2,3,2,0,2,2,1,3,1,3,3,0,3,0,1,1,3,2,1,2,3,0,0,2,3,0,3,0,0,0,0,3,0,0,0,3,0,2,3,1,1,0,1,2,3,1,2,2,2,2,2,1,2,2,0,1,1,3,1,1,3,2,2,3,2,2,0,1,0,bdaae58584d0611e103b5ae0ce3bed333770fe42768a556b359331a4ad045d2f,1
50,7,5,3,1,2,2,3,2,0,2,1,0,0,1,3,0,3,1,2,3,1,3,3,0,1,2,2,0,0,1,1,1,0,1,1,3,2,1,2,2,2,0,2,0,2,3,0,0,2,3,1,3,2,0,1,2,1,3,0,3,0,2,3,1,3,2,2,0,1,1,0,2,2,3,3,0,1,2,1,0,1,3,0,2,1,3,2,2,0,3,0,2,3,0,1,3,0,0,1,3,1,0,0,3,3,3,0,2,0,2,1,1,2,3,3,0,1,0,3,3,1,3,2,1,1,2,2,1,3,0,7a6441ecd205ffeb0f6263ab85cd0329023c2a81200a814e1583fa2683e30c54,1
52,2,9,2,1,1,3,2,3,2,0,0,0,0,1,3,2,2,3,1,2,1,2,3,1,0,0,3,0,0,3,0,1,2,1,0,3,2,2,3,3,2,3,1,1,3,2,1,0,0,3,1,1,2,1,0,3,0,3,0,2,0,3,1,1,2,3,2,3,2,1,3,1,0,3,3,0,2,1,2,3,1,3,0,0,0,2,2,0,1,2,0,1,2,0,2,1,1,3,0,3,0,0,1,3,2,3,2,3,1,3,1,0,3,1,2,2,1,0,3,1,0,3,2,2,1,0,1,0,2,2,81306c697e3e7bc018310300d9895091192cb004ae250ebbed59ccb10adeb0b5,1
100,3,4,0,3,2,3,3,1,1,0,1,1,3,3,0,3,2,0,0,1,1,0,3,2,3,0,2,3,0,3,1,3,2,1,0,3,2,1,2,3,0,1,3,3,2,0,1,3,3,3,0,0,2,2,2,2,0,1,1,1,3,3,0,3,1,3,2,2,2,3,1,1,3,2,0,1,2,2,3,2,0,0,0,0,2,3,0,3,1,1,0,0,3,1,0,0,1,3,0,2,0,2,1,2,3,1,0,1,1,1,2,0,2,0,2,2,1,1,3,1,0,2,2,2,1,3,2,0,1,2,28d2c514e22e133234944f4d003831494a98ce97195b7abd939bbd1b8ef6a88a,1
115,2,11,1,0,2,2,2,3,2,1,2,2,0,2,1,0,3,2,1,2,2,1,3,0,2,1,3,1,0,1,0,0,1,3,1,3,1,3,1,3,3,2,0,0,2,1,1,2,1,2,1,1,1,0,0,3,0,3,0,2,0,3,0,0,1,3,3,3,1,1,3,0,0,3,2,1,3,3,2,3,2,3,0,2,0,3,3,0,3,1,1,0,3,0,2,0,0,2,0,3,1,0,0,3,2,2,1,0,2,2,2,1,2,1,3,1,0,0,3,2,1,3,1,2,3,2,3,0,0,2,0c1f493b9a83ab5b871007453b10bd458c242b53eaa063646f1e8633f9134a35,1
162,7,3,1,0,2,2,3,3,2,1,3,0,2,0,2,0,3,2,1,3,2,3,3,0,1,1,3,0,0,0,2,1,0,2,0,3,2,1,2,3,2,3,1,1,3,2,0,0,2,3,2,1,3,2,0,3,0,3,1,3,0,3,2,0,1,1,2,0,1,1,2,0,1,3,3,0,1,3,0,0,1,3,0,1,0,3,2,1,0,2,0,1,1,0,2,0,1,1,1,2,2,2,0,3,3,2,3,0,0,1,2,3,3,3,1,2,3,1,0,2,0,2,1,1,3,3,0,0,1,2,81fa4627d83500cd601bc0f2a9548cfdff9f14438b0c3bc52b5efb6e25704682,1
84,2,10,2,0,3,2,3,2,3,2,0,0,3,3,1,0,2,3,2,3,2,3,3,0,0,2,2,1,1,0,0,0,0,3,3,3,0,0,1,3,1,1,2,3,3,1,0,1,1,3,2,3,2,1,0,3,0,3,1,3,0,1,2,1,1,3,2,1,2,1,1,3,2,3,3,0,1,1,0,0,2,1,0,0,2,2,2,0,1,0,0,3,1,0,3,3,0,3,1,3,2,0,0,2,3,3,2,1,0,3,1,2,1,2,1,1,2,1,1,2,0,2,1,2,0,2,2,1,0,2,e7f2eb5b125dcd2e1734ee7615528d790d9843d98b6044f89147c4922244c5a9,1
35,0,10,1,0,2,2,1,3,3,1,3,0,0,2,2,0,3,2,2,1,3,3,3,0,1,0,3,0,0,0,2,1,1,3,2,3,2,2,2,3,2,3,1,1,3,2,2,0,0,3,0,1,2,1,0,3,0,3,1,2,0,2,1,2,1,2,3,3,1,0,3,0,1,2,3,1,2,3,2,3,0,3,0,0,0,3,3,1,1,2,0,0,2,0,1,2,1,3,0,3,0,1,1,3,2,2,2,1,1,1,2,0,0,1,2,3,3,0,3,1,0,2,1,3,1,1,1,0,0,2,a81b86469f03ffed3332b6e39c9a528da96af207061d826152dd4e94c33b3cfc,1
19,15,8,2,2,0,1,1,3,2,1,1,0,1,2,2,0,1,3,3,1,3,3,3,0,1,1,2,0,0,1,2,2,0,3,2,3,2,2,1,2,3,3,2,0,0,1,3,1,1,2,1,0,2,0,0,3,0,3,2,2,0,3,1,1,3,1,2,3,1,0,3,0,3,3,3,3,1,3,1,0,0,2,0,1,0,3,2,2,2,3,1,1,2,0,0,3,0,3,2,2,2,1,0,0,2,2,1,3,3,1,3,0,0,2,3,2,2,0,3,2,0,3,1,1,1,1,1,0,0,0,a5d01fea46968107e247dfe79885649c9955865f89e6d895f50102673fdf3f6b,1
51,14,7,2,0,1,2,2,3,3,1,2,0,2,2,1,0,1,0,2,1,3,3,3,1,0,0,3,0,0,0,1,2,2,3,3,3,2,2,1,3,1,3,1,2,2,1,3,0,0,3,1,1,3,0,0,3,1,3,0,3,0,2,1,2,0,3,3,2,2,0,3,0,1,3,3,2,3,2,2,3,0,3,1,0,0,3,2,1,2,1,1,0,1,0,0,2,1,2,0,1,0,0,1,2,0,1,2,0,1,2,1,0,2,1,3,3,2,1,3,1,1,2,1,3,2,3,3,0,0,2,65c9174f65f93f86764f5534f8ecc33df596aafbac001de0fe46ca54350df0ee,1
210,11,6,2,1,2,1,2,3,3,0,1,0,1,1,3,0,1,3,2,2,1,3,3,0,2,2,3,0,1,0,1,0,2,3,1,3,1,2,3,3,3,2,1,0,2,2,1,2,1,3,1,1,3,1,0,3,0,3,1,3,0,2,1,2,2,3,3,3,1,0,3,1,1,3,2,0,2,2,0,3,0,3,0,0,0,3,3,1,2,2,1,0,2,0,0,1,0,3,1,3,0,1,0,2,2,3,2,0,2,2,0,1,2,0,3,2,1,0,3,0,0,1,2,2,2,3,1,0,0,1,7386202a220880751e471646e2719bde1e124397bf516fb4436197dc904c1eb1,1
19,0,8,1,2,0,1,0,3,2,0,1,0,0,1,2,0,2,1,2,0,3,3,3,0,1,0,3,0,2,0,0,2,0,3,2,3,1,2,1,2,2,3,1,2,2,2,2,0,0,2,3,1,2,0,0,3,0,3,1,2,0,2,1,2,3,3,3,3,1,0,3,1,3,3,3,2,2,2,1,3,1,3,0,1,0,3,3,2,2,1,0,0,2,0,0,3,0,3,1,1,3,1,1,2,1,1,2,3,2,1,2,1,1,1,3,3,1,0,3,2,0,2,1,3,3,1,0,0,0,1,9736d18f4f0a7a7916ad56ee00b704852b4cf65b26161e0cce6a6fd05c762889,1
50,10,2,1,1,2,1,2,3,3,1,0,0,1,2,2,0,1,2,0,2,3,3,3,0,2,0,2,2,2,0,0,0,2,3,1,3,2,3,1,3,2,2,1,2,1,3,1,0,1,3,0,1,2,0,0,3,0,3,2,3,2,2,2,0,0,3,2,0,0,1,3,1,1,3,1,2,3,2,0,1,3,3,1,0,0,3,1,3,0,3,0,1,3,0,0,1,0,2,1,3,2,1,0,3,3,3,0,0,2,2,1,1,1,3,3,0,1,2,3,1,1,1,2,3,2,2,0,1,0,2,16ac51dd906f81d637e414a793ec18654934c10e9def26431b1deea70af5e474,1
82,11,7,1,0,0,2,2,2,2,1,1,0,0,1,2,0,1,2,1,1,3,3,3,0,1,1,3,0,0,1,2,0,0,3,2,3,2,2,2,3,1,3,1,3,1,3,2,0,1,3,0,1,1,0,0,3,1,3,2,3,0,2,2,1,1,2,2,0,0,1,3,2,0,3,1,1,2,2,0,3,3,3,0,1,2,2,1,3,0,3,0,0,3,1,1,1,1,1,1,3,2,0,0,3,3,3,0,0,2,2,2,3,2,1,3,2,3,0,2,1,0,0,0,3,2,2,0,2,1,1,11291400bc3c9aae0c8ef0aeb3ec2aed39edc57b036a16e3bc7bbfb59fdc0eda,1
18,8,4,2,0,0,2,2,2,2,3,3,0,0,2,2,0,1,2,2,2,1,3,3,0,3,0,3,3,2,1,0,1,0,3,0,3,2,3,3,1,2,3,2,3,0,3,0,0,3,3,0,1,1,0,1,3,2,2,2,2,0,3,2,2,2,2,1,1,2,1,2,1,1,3,1,2,1,3,1,3,0,3,1,0,1,3,2,0,2,2,0,0,1,0,1,1,0,3,0,0,0,0,0,3,2,1,1,1,1,1,1,2,1,2,3,1,1,0,3,3,0,1,0,3,3,3,1,2,0,2,b3d3536b2e501da4eceac39beb76de159298f4b82fd795775e9f0925ca84a005,1
114,14,5,0,1,0,2,1,3,3,1,1,0,0,3,3,0,1,3,0,1,2,3,3,2,1,1,3,2,2,0,1,1,2,3,0,3,2,3,2,3,3,2,1,2,3,3,2,3,0,3,0,1,2,0,0,3,0,3,2,2,0,3,2,0,1,3,1,2,2,0,3,1,1,3,2,2,3,2,0,3,2,3,1,1,0,2,3,1,3,2,0,0,2,0,1,0,0,2,1,3,0,0,1,2,3,1,1,0,0,1,0,2,2,1,2,1,2,1,3,1,0,0,0,3,2,2,1,0,1,1,96b3615491b5f664e9b5d92da53cad3aea2be5850b0f2f735d745e4281ee7acc,1
82,9,8,3,1,2,0,3,3,1,0,2,0,1,1,2,2,2,3,0,3,2,3,3,0,2,3,3,1,0,0,1,2,0,1,3,3,1,1,3,3,0,2,3,1,2,2,2,0,0,2,3,0,3,3,0,3,0,3,0,3,1,3,1,0,1,2,2,0,1,0,3,1,2,3,3,1,1,2,0,0,1,3,1,2,0,2,2,3,0,2,0,1,1,0,1,1,0,2,1,3,0,0,0,2,2,3,2,1,1,0,0,3,3,3,1,1,1,2,3,1,0,1,2,2,1,2,2,1,1,0,ebb23bf9b86a3e0eda3fd7397c83c322ad2e514def13467d7c214edb09cc8ec4,1
193,5,2,2,0,2,1,2,3,0,1,1,1,0,3,1,0,1,1,3,2,3,3,3,0,3,0,3,1,1,0,0,0,1,2,0,3,2,3,2,3,0,3,1,1,3,2,2,0,2,3,0,0,2,0,0,2,2,3,3,3,0,2,1,2,1,1,2,1,1,1,3,0,2,0,1,0,2,2,1,1,1,3,0,0,2,2,2,2,1,2,0,2,3,1,3,0,2,1,2,3,2,0,0,3,1,3,1,0,2,2,1,1,0,1,3,2,1,1,3,3,0,3,0,3,3,3,1,0,0,2,d3805333acb96c03df92cf122cec5a70a3fb63cbf0a28d8d6b00f4c7f5b6f744,1
82,13,6,2,1,1,1,3,3,2,2,3,0,0,1,1,0,3,2,1,1,2,3,3,0,2,1,3,0,1,1,0,1,0,3,1,3,1,2,1,1,3,3,2,3,0,3,1,0,1,3,3,2,2,1,0,3,2,3,0,2,0,2,2,1,1,2,2,0,2,0,3,2,0,3,2,0,2,3,0,2,0,3,0,0,2,3,1,1,0,2,0,0,3,2,1,3,3,1,1,2,0,0,0,3,2,2,0,0,3,1,1,3,3,1,2,1,3,0,3,2,0,2,0,2,2,2,1,1,1,0,16db50d079a08b32b5005538a94a4a6bc8f25117e1c67cefeb0462113b6b51b7,1
242,12,6,1,1,0,1,0,3,2,1,2,0,0,1,1,0,2,1,2,1,3,3,3,0,1,1,3,0,2,0,0,0,0,3,1,3,2,1,2,2,2,3,1,0,1,2,2,0,1,3,3,0,2,0,1,3,0,3,1,3,0,3,0,2,3,2,3,3,2,1,3,0,3,3,3,2,2,2,1,2,2,3,0,1,0,3,2,2,2,1,0,0,0,0,0,3,1,3,1,2,3,1,1,2,3,2,2,3,2,1,2,0,1,1,3,3,1,0,2,2,0,3,1,3,1,2,0,0,1,0,2ff5943451da42ddde0e6b46307a52b82cd4a0bcf1a59cb63edfd172ed006c84,1
99,1,9,3,1,2,2,1,3,3,0,1,0,0,2,2,0,3,3,1,1,3,3,3,0,1,1,3,0,0,0,3,1,1,3,1,3,1,2,3,3,3,3,2,2,1,2,2,0,1,3,2,0,0,1,1,3,0,3,1,1,0,3,2,1,1,3,3,3,0,0,3,0,1,3,2,2,2,2,1,2,0,2,1,1,1,2,3,0,2,2,0,0,0,0,0,2,0,3,0,1,1,2,0,1,3,2,1,1,2,2,1,0,0,0,3,3,2,1,3,2,2,3,2,2,1,2,0,0,0,2,39b9867e903e619ba07c157b861ef41781ab408cbcde5d888c8e97a216b51434,1
67,13,7,1,2,0,1,2,3,3,3,1,0,0,1,2,0,1,3,1,0,3,1,3,2,0,1,3,2,2,0,2,1,0,3,3,3,0,0,2,3,2,3,2,2,1,2,1,1,0,3,0,1,2,0,0,3,0,3,0,3,0,1,1,1,3,1,3,3,0,0,3,0,2,3,2,3,1,3,2,2,1,2,2,1,1,3,3,2,1,2,0,0,1,0,0,3,0,3,1,3,2,1,1,2,1,2,2,3,2,2,1,1,0,0,3,1,1,0,3,2,0,2,2,3,2,2,0,0,0,1,c1e0749011db0ba0db9a143faf46ae20455b207ca886b13fba0f2065542c7c03,1
102,13,15,1,2,1,0,3,3,3,3,2,1,0,2,1,0,2,1,0,2,1,2,3,0,1,0,2,0,1,2,1,0,1,0,0,3,2,0,2,1,3,0,0,3,1,2,1,0,2,3,3,1,0,0,1,2,1,3,1,2,1,2,3,3,2,1,3,0,3,0,2,2,0,3,2,1,0,2,2,1,0,3,0,0,0,3,1,3,0,2,3,1,3,2,3,3,1,2,0,1,3,0,0,3,3,0,2,3,1,2,1,2,2,3,1,1,0,1,3,3,1,2,2,3,1,3,2,1,0,0,9e221d325843d199ac8f6da5f012c99292a2baabf960cf26c490ef40722eb6f9,1
241,5,4,3,1,3,3,2,3,2,2,1,0,0,2,2,0,3,3,0,3,2,3,3,0,2,0,3,0,2,1,2,1,2,3,1,3,2,2,1,1,1,1,1,2,3,3,1,1,2,3,2,1,1,1,0,3,0,3,1,3,0,2,2,1,1,1,2,1,1,0,3,2,0,3,2,1,1,3,0,3,1,3,0,0,0,3,2,0,2,2,0,2,3,0,0,2,0,2,1,3,0,1,0,2,3,0,0,0,3,1,0,1,2,0,3,1,2,0,3,1,0,0,1,3,1,3,1,0,2,2,4a73e832a0d421201137b2f32a239f14c88f2d0a2958a85a2e427b10184b5013,1
178,10,4,2,0,1,1,2,3,2,0,1,1,0,2,1,0,1,3,1,2,3,3,3,0,2,0,3,0,1,0,2,0,1,3,0,3,2,3,0,2,3,3,2,0,3,3,1,0,1,3,1,2,3,1,0,3,0,3,2,1,0,2,1,2,2,2,3,2,0,0,3,1,0,3,1,2,1,2,1,2,0,3,1,0,1,3,3,3,0,3,1,1,3,0,2,2,0,2,2,3,0,0,1,2,3,3,2,0,2,1,2,2,0,1,3,0,1,0,3,2,0,1,2,1,2,3,1,1,0,1,eb88f94ee6b31f141c57ba096caf4cf9fd27cf992e71e52304317cd910751f24,1
194,12,4,1,3,0,2,2,3,1,1,3,0,1,0,2,0,1,0,2,0,3,3,3,2,1,2,3,0,2,1,0,0,1,3,0,3,1,2,0,3,2,3,1,2,1,2,3,0,0,3,2,0,1,1,1,3,1,3,1,1,0,2,1,2,3,2,2,3,1,1,3,2,3,2,2,0,2,3,0,3,0,3,0,1,0,3,1,3,2,1,0,1,2,0,1,3,0,3,2,2,3,1,1,1,1,2,0,3,2,0,3,2,0,2,2,3,1,0,3,2,0,3,1,2,0,2,0,0,1,0,f02dbd0fba3ab34e43f639db77ef3576a57b31769ff522e7e0e15c065ea5fd7b,1
67,12,5,2,2,3,1,3,1,1,0,1,2,3,2,1,1,3,0,3,2,1,3,3,0,1,3,3,0,0,0,0,1,2,2,0,3,1,2,3,3,3,3,1,2,2,3,2,1,2,3,0,1,0,1,0,3,0,3,0,0,0,2,1,0,1,2,2,3,3,2,3,2,2,2,2,0,3,0,1,3,1,3,0,2,0,3,1,1,2,0,1,0,1,0,1,0,1,1,0,2,0,0,1,2,3,2,3,2,1,2,2,2,1,0,3,0,2,0,3,2,0,1,3,0,2,1,3,1,1,3,0b59e5a1549afa717fc10bc500df67b8031f716de57babbad922c1b796a3445b,1
