20,3,11,0,0,1,2,3,1,3,3,0,0,1,0,0,0,3,3,3,3,3,3,3,0,1,0,3,2,3,3,3,0,3,0,0,3,0,1,3,0,2,1,0,2,2,2,3,0,0,3,1,3,0,3,1,1,3,0,3,2,3,1,1,1,1,0,1,2,1,3,0,2,0,2,2,1,1,0,1,2,0,2,2,2,2,1,2,2,1,1,2,2,2,0,2,0,2,3,2,0,2,1,1,3,1,1,1,0,2,2,2,2,1,0,3,3,1,1,2,2,3,1,1,3,1,0,2,0,3,0,4534513464cbdceb8d82c2aceddfb71ead0562bb1d5e7ee953cdb2e612f82971,1
98,14,8,0,0,0,3,3,2,2,2,2,0,1,0,3,3,3,0,1,1,2,3,3,0,0,0,3,2,2,2,0,0,3,3,1,3,2,0,1,0,1,1,2,2,2,3,2,0,1,3,0,0,0,3,2,1,1,1,1,2,2,2,3,1,3,1,2,1,0,1,3,2,2,3,2,2,0,3,0,0,0,3,2,1,3,3,0,2,0,2,0,3,3,0,3,1,1,1,1,1,3,0,0,3,2,3,1,2,1,3,1,2,0,0,2,2,0,0,1,2,1,1,0,3,1,1,2,2,3,0,144d01fbb64b417413f93ea2412c5b0686e4b725f828b85f25c962c247df7d61,1
33,10,11,1,2,2,3,1,3,1,2,0,1,1,1,3,3,3,0,0,2,3,0,3,3,0,0,2,2,2,2,2,1,0,2,3,3,2,1,3,0,2,0,2,2,0,3,3,0,2,3,0,1,0,0,0,2,0,3,3,3,3,0,1,3,0,1,3,1,1,0,1,0,2,1,2,0,0,3,1,1,1,3,0,0,1,2,3,2,0,2,0,2,3,1,2,3,0,0,1,1,0,1,1,1,1,1,0,0,2,2,0,2,1,3,3,1,1,2,3,0,3,3,2,2,3,2,2,0,0,0,dc54be9efb25f88dfeab8d54afcf0da7bd4cad3a5b780d9000314f4995f768bc,1
180,6,12,1,1,0,3,3,2,3,3,1,1,1,0,0,1,3,3,3,2,2,3,3,0,2,0,3,2,2,3,3,0,3,0,0,3,0,1,0,1,2,3,0,2,3,1,2,0,0,2,1,1,0,3,0,2,2,0,3,2,3,1,3,0,3,0,3,2,2,3,0,1,0,2,3,1,2,1,1,2,0,2,0,3,1,1,2,1,1,0,2,3,3,0,3,0,2,1,2,0,2,0,1,3,1,2,1,0,2,2,1,0,1,1,3,2,1,1,2,2,3,2,0,3,1,0,1,1,2,0,081b7512d15d98051aa2db459aac282298519e7ebe58ad636607d999194c8540,1
114,13,4,1,2,1,2,0,2,2,2,1,1,0,2,3,0,3,0,3,2,1,1,3,0,1,1,3,1,3,3,2,1,0,3,0,3,3,1,1,2,3,3,1,2,1,3,2,0,3,3,0,2,0,1,3,2,2,3,3,3,2,2,0,1,0,0,0,2,0,1,2,2,3,3,1,1,0,1,0,0,1,1,3,0,1,3,2,3,0,0,0,2,2,0,3,1,1,2,0,1,2,0,0,1,3,2,0,0,0,2,2,2,1,1,2,2,0,2,3,1,0,2,2,3,1,3,3,3,1,0,6b648d29658ea5cd0656313581ac41f7a20c514cf138006a1e6de71f2d0acaaa,1
179,14,5,1,2,2,3,1,2,2,3,1,2,0,0,3,2,3,3,0,2,2,1,3,3,1,1,2,3,2,2,3,0,0,3,0,3,0,0,2,1,2,2,3,3,1,3,0,0,3,3,1,1,0,0,2,1,1,3,2,2,1,1,0,3,0,3,3,2,0,3,0,2,1,3,2,1,0,2,1,1,2,1,0,0,1,1,2,2,0,1,1,2,3,0,3,1,1,2,0,0,2,0,0,1,3,3,0,2,0,1,0,3,1,0,3,2,1,2,1,1,0,0,3,3,2,3,3,2,1,0,76c9030559fb9ef31833db3edb7bc12520003851d4bb178d2b1b1e74de28e0ec,1
161,4,2,0,2,3,1,2,3,0,3,2,1,0,0,3,2,2,3,0,3,1,3,3,2,3,0,1,1,2,0,2,1,0,2,0,3,1,1,0,0,2,0,3,3,2,3,3,0,1,3,1,1,1,0,0,3,0,3,2,3,1,1,2,3,2,2,2,0,1,1,2,2,2,3,2,0,0,0,2,1,0,3,0,0,1,3,2,2,0,1,0,0,1,0,3,3,1,1,1,0,1,0,0,2,3,1,0,0,0,2,1,3,1,1,2,0,0,2,3,2,0,3,2,1,3,3,1,3,3,2,f4f420b8d9b5e77fde5e11e42684fa5b3ed546f68c632c920fd622f17c2bcbec,1
178,8,3,1,0,2,3,3,2,2,3,0,0,0,1,0,1,3,1,2,3,2,3,3,2,1,1,1,0,2,3,3,0,3,1,0,3,1,2,0,0,2,2,2,2,3,2,2,0,1,2,0,1,0,2,0,3,1,1,3,1,3,3,2,2,1,1,1,1,1,3,1,3,0,1,2,1,0,0,0,3,1,3,1,3,2,2,0,2,1,3,0,3,3,0,2,3,2,2,1,0,2,0,0,3,2,2,0,0,1,1,3,1,2,1,2,0,0,0,3,2,3,2,0,3,2,1,1,2,0,0,6b4ae6610ca61d82022c9dafc4c6e4eca652aa91c61d6ad6bd765094c8257577,1
148,4,1,0,3,2,3,2,2,3,3,0,2,1,2,3,2,2,3,1,1,1,2,3,0,0,1,2,3,3,0,1,0,0,3,1,3,1,1,2,0,1,1,3,3,2,1,1,3,2,0,0,3,2,0,3,0,0,3,0,1,1,3,1,2,0,2,0,1,2,1,0,1,2,3,1,1,0,1,2,2,2,1,1,0,0,1,3,2,1,2,3,1,2,1,3,1,0,3,0,3,3,0,3,2,2,2,0,3,1,2,0,1,0,1,3,0,2,0,3,0,0,2,3,3,3,2,2,2,0,0,0d31d776aa356e879b8f215595449375ef915567049d27900d8530d99c2bec60,1
242,8,5,0,2,2,2,1,1,2,2,0,1,0,2,2,1,3,3,3,3,2,2,3,3,0,1,2,2,2,1,3,0,0,2,1,3,1,1,1,0,2,3,3,3,0,3,3,0,2,1,0,2,0,0,3,0,1,2,3,1,1,1,0,2,0,1,3,3,0,2,0,1,2,3,3,2,0,1,1,0,2,1,1,0,1,2,3,2,1,1,0,2,3,0,3,2,1,3,0,1,3,1,0,1,3,1,0,2,1,1,0,3,0,0,2,2,1,3,3,0,0,3,3,3,2,3,2,2,0,0,2e00b09688fb5e29b1a05744b73e0fc7d8bda1c60885e379efccb23e6c5f0395,1
82,11,6,1,0,2,3,2,2,0,3,0,0,0,1,3,0,3,3,0,2,3,1,3,3,0,3,2,1,1,0,3,0,0,3,1,3,2,1,1,2,1,1,2,2,0,3,3,0,2,3,1,1,0,0,1,1,1,3,2,3,2,0,2,1,2,1,1,1,0,2,1,2,3,1,3,1,0,1,1,0,2,2,0,1,2,3,2,3,1,1,0,2,3,0,3,3,0,1,1,0,2,2,0,3,3,3,1,0,2,3,1,3,0,0,2,2,1,0,2,0,1,2,3,2,2,3,3,0,2,0,a245df70afbe32b497f76e4843dfcaf2502fc04e2f95bd617f0f4d6cd876dc5e,1
20,1,10,1,1,1,3,0,3,1,3,0,2,0,1,3,1,3,3,0,2,2,1,3,2,0,3,2,1,2,0,3,0,0,1,0,3,0,1,0,0,2,1,2,3,0,3,3,0,2,3,2,1,0,1,0,2,2,2,3,3,1,1,0,2,0,0,2,3,0,1,0,2,3,1,3,2,0,1,2,0,1,1,2,0,2,2,2,3,0,2,1,3,3,0,3,1,1,3,0,1,2,0,0,3,3,3,0,2,0,1,2,2,2,1,2,2,1,2,2,1,0,1,3,3,3,3,3,1,1,1,75a3ea6dc3911c42b754e872409c43f979289651bd7578b1478ca46016d98d7f,1
114,9,7,0,0,0,3,1,3,0,1,0,2,1,0,0,2,3,1,3,0,3,1,3,3,1,2,2,3,1,0,2,1,0,2,2,3,3,2,2,0,1,0,2,0,0,3,2,0,1,3,0,3,0,0,2,2,1,2,1,3,1,0,1,1,0,2,3,1,2,0,0,3,2,3,2,0,0,3,1,0,2,1,2,1,0,3,3,2,3,1,2,3,3,0,1,3,0,1,0,1,2,2,0,2,3,2,3,0,3,0,1,2,1,1,1,0,1,3,2,2,2,2,1,3,3,3,1,2,3,1,10f319a7e7cb757d16b85173de09bbad42e14b75e85514159fb2017188a0f932,1
66,14,8,3,0,1,3,0,3,0,2,1,2,0,2,1,2,3,3,0,3,3,2,3,3,0,0,3,3,0,2,3,0,1,2,0,3,2,2,2,0,1,0,3,2,0,3,1,0,1,3,1,3,1,0,2,1,2,1,2,3,1,2,0,2,0,2,2,3,0,1,1,0,0,2,3,2,1,2,0,1,1,2,1,0,1,2,3,1,0,2,1,3,3,1,3,3,2,1,0,2,0,0,3,0,3,2,0,1,1,1,0,3,0,1,2,1,1,2,1,1,1,1,3,3,3,3,2,1,0,0,ece38094b40f62be2b3c9fec43739c055caac7d5e476dbe860315b5783622667,1
227,2,12,0,0,0,3,3,3,2,3,2,1,0,0,2,0,3,1,3,2,1,3,3,0,1,0,3,1,1,3,3,0,3,0,0,3,0,2,0,0,2,1,1,3,2,2,2,0,1,2,0,0,0,2,2,1,3,2,3,2,3,1,3,1,1,1,3,2,2,2,1,1,0,2,2,3,0,1,0,2,0,2,3,2,2,3,0,3,1,1,2,3,3,0,2,0,1,2,2,0,3,0,2,3,3,1,1,1,2,1,1,2,1,1,2,2,0,0,1,1,3,0,0,3,1,0,3,1,3,1,76e782ff37854100017cc56a1007e097314ea6dab8ebb66586328207b5d4d8db,1
211,13,6,1,2,1,3,0,2,2,2,0,3,0,1,2,0,3,3,2,2,3,2,3,1,1,1,1,1,2,2,2,1,2,1,0,3,3,0,1,0,1,1,1,3,0,3,1,0,0,3,3,1,1,1,1,1,0,3,3,1,0,3,0,0,1,1,2,2,0,1,0,3,2,2,2,2,0,1,2,0,3,2,0,0,1,2,3,3,0,3,1,2,3,0,3,1,0,1,0,0,2,0,0,1,2,3,3,1,2,2,0,3,0,0,2,3,2,3,2,1,2,0,3,2,3,3,3,2,3,0,c5274642a2dd23fb512efe74dddf93b5d4f858d528b5a9430a86b42558ab27c7,1
194,11,5,0,1,1,3,0,3,2,2,0,3,2,2,2,0,3,3,3,0,3,0,3,3,3,3,1,3,0,1,3,1,0,0,1,3,1,2,3,0,1,1,3,2,0,3,0,1,2,1,1,3,0,1,1,2,0,3,1,1,0,1,0,2,1,2,3,2,0,2,0,0,2,3,2,0,1,1,2,0,1,2,2,0,1,2,3,2,0,1,2,3,3,0,3,2,1,1,0,1,2,2,1,0,3,2,2,1,0,0,2,2,1,0,1,3,0,1,3,0,2,2,3,3,3,3,2,1,1,0,6cb41b2b1d07c415ab7f6fde4a009023a136550a52cc807eae7f0afe34f88553,1
145,10,3,2,0,3,3,1,3,2,3,1,2,0,1,3,3,3,2,3,3,1,2,3,1,1,0,0,2,3,1,2,1,0,3,0,3,1,0,2,0,0,3,2,3,0,3,1,0,0,3,0,2,0,1,1,0,0,3,2,2,1,0,2,3,2,2,2,0,0,1,0,1,1,3,3,0,0,1,1,0,1,3,1,0,0,3,3,2,0,2,0,1,3,0,3,3,1,1,1,1,0,0,0,1,3,1,0,1,2,2,1,2,2,0,3,0,0,2,3,2,0,2,3,2,3,2,2,2,2,1,2ffccef6626948b5d678316456ce4da5ea6fc1d72f70f0e1bb5a6cd7ef22c1e3,1
243,1,11,0,2,2,2,1,2,2,2,0,1,1,2,3,1,1,3,1,3,1,2,3,0,0,0,2,1,3,1,2,1,0,2,1,3,3,2,1,0,3,3,1,3,0,1,3,0,3,0,0,0,0,0,3,1,1,1,3,2,1,1,0,1,1,2,1,3,0,2,0,1,3,2,2,3,0,1,0,0,3,1,2,2,2,2,1,3,2,3,0,3,2,0,3,0,0,3,0,1,3,0,1,1,2,3,0,2,0,1,2,2,2,2,2,2,0,3,0,2,0,1,3,3,3,3,3,3,1,0,358974a49ecf5a88a68b8801c80ad5892b81f1228b6d56febdb57ee8f8636c7f,1
242,11,7,0,0,1,3,2,3,1,3,1,0,0,0,2,1,3,1,2,1,1,3,3,0,2,0,3,0,2,2,3,2,3,1,0,3,0,0,0,0,2,0,0,3,3,2,3,0,0,3,0,0,0,1,0,1,1,3,3,1,3,2,3,1,3,0,1,0,3,3,2,2,0,2,3,1,1,1,2,2,1,3,1,1,2,3,1,3,1,2,2,1,3,0,2,0,2,2,2,1,2,1,0,2,3,3,2,1,0,2,2,3,2,1,1,3,1,0,3,2,2,2,0,3,0,1,2,0,1,0,2f6d88d8425a797f10e72e659f4d07cd26bbddceece2a1cdaa2f38de9544a702,1
226,13,7,0,1,0,3,2,1,2,3,1,0,1,0,0,0,3,2,1,2,0,3,3,0,1,0,3,1,2,3,3,0,3,1,0,3,0,0,1,1,1,2,1,2,2,2,2,0,1,2,0,0,0,2,1,1,2,2,3,2,3,3,3,1,3,1,2,0,3,3,2,2,1,1,3,1,1,1,2,2,0,3,0,2,2,3,1,3,0,0,0,2,3,0,3,0,1,1,2,0,2,0,0,3,3,3,2,0,1,3,2,2,3,0,2,2,1,1,3,1,3,2,1,3,1,1,1,0,2,0,1ff2aecc5680b74f2426891a771935f033e703d4bb82aea5e71f2a0431c7d253,1
210,1,10,1,2,0,3,0,1,2,3,1,0,0,1,2,1,2,1,3,2,3,2,3,2,0,1,3,3,1,1,1,0,0,2,0,3,3,1,1,3,1,3,2,2,0,2,2,2,2,2,1,3,0,1,3,2,0,3,2,3,1,0,1,1,0,2,0,2,0,2,1,2,1,3,3,1,0,2,0,1,1,2,3,0,0,3,2,3,0,1,3,1,3,0,3,0,0,2,0,0,2,0,0,1,3,3,0,0,0,2,3,3,2,1,1,2,1,1,2,2,1,3,3,3,0,3,2,3,1,0,09de3fd9b57e9943dccd513d85f824fe353880359506d6af2f93965e24fa9550,1
225,13,8,1,1,1,3,2,3,1,3,1,1,0,0,1,1,3,0,3,2,3,3,3,3,1,2,2,3,2,1,2,1,0,3,0,3,3,0,2,0,0,2,2,1,2,3,3,0,0,3,0,3,0,2,2,2,0,3,1,3,0,0,1,3,0,0,1,1,1,1,1,1,2,2,3,1,0,2,0,0,2,3,0,1,2,3,3,1,0,2,1,2,2,0,3,3,0,1,0,0,1,2,0,2,3,1,0,0,2,0,1,3,0,1,2,1,0,3,3,2,2,2,3,2,2,3,1,1,2,1,7183f577f9b85b61fdf7b5fd4f9137d917ba049a764bc45cedaca2aecdeeb160,1
20,0,9,0,0,0,2,2,2,3,3,1,0,1,0,1,2,3,1,2,3,1,3,3,0,1,0,3,1,2,3,3,0,3,1,0,3,0,0,2,0,2,1,0,3,3,1,3,0,0,2,1,1,0,2,0,1,2,0,3,2,3,1,3,2,2,0,2,0,2,3,2,2,0,2,3,1,1,1,1,3,0,2,0,2,2,2,1,3,1,2,2,3,3,0,2,0,1,1,2,0,3,1,1,3,3,1,1,1,2,3,1,1,1,0,2,2,2,1,3,2,3,0,0,3,1,0,3,0,2,0,aa0ebff4202566b92a77938471b12ea891eb814cc2c937fc77b6b13e5e4ef0ff,1
117,4,12,0,1,1,3,1,3,3,2,2,1,0,3,3,2,2,3,1,3,2,2,3,2,0,0,2,2,3,1,2,1,0,1,0,3,3,1,0,0,2,2,1,3,1,3,2,1,1,1,1,2,0,0,3,0,1,2,3,2,0,2,0,1,0,3,1,2,0,3,0,0,1,2,1,2,0,2,2,1,3,0,2,0,2,2,0,1,0,1,2,2,2,1,3,0,0,3,0,1,3,0,2,1,3,3,0,3,0,2,1,3,2,1,1,3,0,3,1,1,0,0,3,3,3,3,3,2,1,0,974881062af42334f062c0ecb2f253c75438cfe546873f28cec710f1057c2017,1
178,2,9,0,0,1,3,1,3,2,2,1,1,1,1,2,1,3,3,3,2,3,0,3,3,0,0,1,2,1,2,2,0,0,2,1,3,0,0,0,0,1,3,2,3,0,3,2,0,1,2,2,3,1,1,2,1,0,3,1,2,2,1,0,2,0,2,2,2,0,1,0,0,0,2,3,0,0,2,1,0,0,1,2,3,2,2,3,3,1,1,1,3,3,0,3,3,1,2,0,1,2,1,0,1,3,3,1,0,3,0,1,2,0,0,3,2,1,3,3,0,1,3,3,3,2,3,1,2,1,2,63a9e8feda1fb027e4633849806b20d70cf81ec3b57cff386d1339da55439517,1
84,9,5,1,3,2,0,1,2,1,2,2,3,2,1,1,3,2,0,1,0,1,2,3,1,1,3,1,1,0,0,2,2,2,2,0,3,2,3,1,2,3,0,2,0,2,0,0,3,0,2,1,0,2,1,2,3,1,1,2,0,3,1,3,3,3,0,1,3,2,2,2,1,3,0,0,0,2,0,3,3,0,0,3,1,3,1,1,0,3,1,3,1,2,3,0,3,1,1,2,0,0,3,2,3,0,3,0,3,0,2,1,1,0,2,2,1,1,2,2,3,2,0,3,1,3,0,3,0,0,1,e4b504130858aa2c78e744644787048cd2b700631cf97a7b4fa5bf86b7c4aa53,1
35,14,5,1,0,0,3,0,3,2,2,0,3,1,1,1,1,3,3,3,0,3,1,3,3,2,3,1,2,0,0,3,0,0,0,1,3,3,1,3,1,1,2,3,2,0,3,1,0,1,1,1,3,0,0,2,1,1,3,2,2,1,0,0,2,1,2,3,2,0,2,1,2,2,2,2,1,0,3,1,2,2,2,2,0,1,2,3,3,0,0,3,3,3,1,3,3,1,0,0,1,0,1,0,0,2,3,1,0,0,0,1,3,0,1,0,2,1,2,2,2,1,2,3,3,2,3,2,2,2,0,8e271a85ccd28039941ebf2d9242a9c483ec04bd96fab73817c95677f692e712,1
146,14,8,0,1,0,3,0,2,3,3,0,2,0,1,1,3,0,1,3,3,2,3,3,0,1,1,2,0,1,1,0,0,3,3,1,3,1,0,1,0,0,3,1,3,0,2,0,0,0,3,0,0,1,1,1,1,0,2,1,1,0,3,2,1,0,2,2,1,1,1,3,3,1,2,0,3,1,2,1,1,0,2,3,0,2,3,3,3,0,3,0,1,3,1,2,0,2,3,2,2,2,0,2,2,2,2,0,0,2,2,0,3,2,2,2,1,1,3,3,2,2,2,3,1,2,2,3,2,0,3,1974fd45db915e3a3f731d21f412ec25f24848650ce2eac5dc38f56e17bb82a9,1
209,5,3,3,1,2,2,1,1,1,3,2,1,0,1,2,3,3,2,0,3,0,1,3,1,1,1,2,2,2,2,1,0,0,2,0,3,0,1,3,0,1,1,3,2,1,3,2,0,0,3,1,3,0,0,2,2,0,3,2,3,2,1,2,1,2,2,2,1,1,0,2,0,0,2,3,1,0,2,1,0,1,3,0,0,2,3,3,3,0,3,0,2,3,0,2,2,0,0,0,1,1,0,0,3,3,3,0,1,2,1,0,3,0,3,2,1,1,1,3,1,2,3,3,3,3,3,2,1,2,0,901c7501ce7dea64a9b74bdb97d5bd943d3e9d59978933ee886aa4e7b5b2d59a,1
2,4,3,1,0,2,3,1,3,1,3,1,1,0,1,2,2,3,3,3,2,3,3,3,3,2,0,3,2,1,1,3,1,0,3,0,3,2,0,3,0,1,2,2,1,0,3,2,0,2,3,1,2,1,2,1,1,2,3,1,3,1,0,3,2,0,1,1,0,0,2,0,0,2,3,3,0,1,0,0,0,2,2,0,1,1,3,3,2,0,2,1,3,3,1,3,3,0,0,0,0,2,1,0,2,2,2,0,1,2,2,0,1,0,0,3,0,0,1,2,1,0,3,3,3,2,1,2,1,2,1,1090838f679dc59541b1986c1170f71f7ba293e1a963631a63f125dbe40d766d,1
130,9,5,1,1,2,3,2,2,2,3,1,0,0,0,1,0,3,0,2,3,2,3,3,1,2,0,2,1,2,3,3,0,3,0,0,3,0,3,1,0,2,2,2,3,3,2,3,1,2,3,1,0,1,2,0,1,0,0,2,1,3,2,2,2,1,0,0,0,1,2,1,2,0,1,1,1,1,1,0,3,3,3,0,2,1,3,1,3,0,2,0,3,2,0,3,3,2,3,1,0,2,0,1,3,1,2,0,0,0,1,1,2,2,0,3,2,0,0,3,1,3,2,1,3,3,1,1,2,2,0,62ffa521ce3dfdd48fa5f243de07658e3066642f5e94b9e620dae31bb902b728,1
34,14,8,1,1,0,3,1,3,1,3,0,1,0,1,3,3,3,1,3,2,2,2,3,0,1,2,2,1,3,1,3,0,0,3,0,3,3,1,1,0,1,3,1,2,1,3,2,0,0,3,0,1,0,1,3,2,0,2,3,2,0,0,2,0,0,1,2,1,0,1,2,3,3,3,2,1,0,2,0,0,2,1,3,0,1,2,2,1,0,2,2,1,2,0,3,2,1,3,1,2,2,0,0,1,3,2,0,1,1,2,1,3,0,0,2,2,0,2,3,1,0,2,3,3,2,3,3,3,2,0,61a70b3265aa899bdeebab6a3ae832905e2f74e5846b38cc4c71a4e3ac23ea63,1
244,0,9,0,1,3,3,1,2,2,3,0,1,0,2,2,0,3,3,1,3,3,1,3,3,0,1,1,3,2,0,2,0,0,3,0,3,2,0,2,0,1,3,2,3,1,3,1,0,2,3,1,3,0,1,3,0,1,3,3,1,2,2,1,2,0,2,3,1,0,2,0,2,1,2,3,2,0,0,2,0,2,0,1,0,1,1,3,2,1,0,1,2,3,0,3,2,1,2,0,2,3,2,1,0,3,2,0,1,1,0,0,2,1,1,1,2,1,3,2,0,0,2,3,3,1,3,3,1,2,0,aa8e7b1121a7eac99a1906eacff82953cfa8b93fa2b120fbadffba3f5fbbd90b,1
37,2,10,2,1,2,3,0,3,3,2,0,3,0,1,3,1,3,3,0,0,3,1,3,3,0,2,2,2,0,1,3,0,1,3,0,3,2,1,3,0,2,1,3,2,0,3,0,0,1,2,2,3,0,0,3,1,2,3,1,2,2,0,0,2,0,2,3,1,0,3,0,1,2,2,3,1,0,1,1,2,1,1,3,0,0,0,3,2,0,0,2,3,3,0,3,1,1,2,0,1,1,1,0,1,3,1,1,2,1,2,2,2,2,1,2,3,0,2,1,0,0,1,3,3,2,3,1,2,2,1,48aa4a5f68e693453ac5f4679d9733ff30a13f1d39c87fa9b065970cf1acd950,1
177,10,4,0,0,1,3,2,2,1,3,1,2,0,0,3,1,2,0,3,2,3,2,3,2,1,0,1,1,1,1,2,2,0,3,1,3,3,0,1,1,1,3,2,3,1,3,3,0,0,3,0,2,1,0,2,1,0,3,3,3,0,1,2,2,2,0,1,1,3,0,2,1,2,3,3,0,0,3,0,0,1,2,3,2,1,3,3,0,0,1,1,1,2,1,3,3,0,2,0,0,2,1,0,2,3,0,1,0,2,2,0,3,0,2,2,1,0,3,3,2,1,3,2,1,1,3,1,2,1,0,d7bb14ef62295d1e47d59c33a9a6ef4e711cf18beb8da3e307082f7482356b0f,1
210,13,9,1,1,1,3,0,2,3,1,1,3,1,3,1,0,3,3,0,0,3,0,3,3,0,2,2,3,1,2,3,0,2,3,0,3,0,1,2,0,2,1,2,3,1,3,0,0,2,2,0,3,1,1,2,1,2,3,2,2,2,1,0,1,0,2,3,2,1,2,0,2,0,2,3,2,0,1,0,1,1,2,3,0,0,0,3,3,0,2,1,2,3,0,3,1,0,1,0,1,0,0,2,2,2,3,0,2,0,1,2,3,0,1,3,1,1,1,2,1,0,1,3,3,3,3,3,2,2,0,639147748f3b603ddd4f57d2a5c9b25f33faa49674eb291eb0cff1548096d1a6,1
193,9,6,2,1,1,2,1,3,1,3,0,2,0,2,3,2,2,2,3,3,2,2,3,1,2,0,2,1,3,1,1,0,0,3,0,3,3,0,1,1,2,3,2,3,1,3,1,0,1,3,0,2,1,2,3,3,0,2,1,3,0,1,2,1,0,0,0,1,0,0,2,3,2,3,1,0,0,2,1,0,1,3,3,0,0,3,1,1,0,2,2,0,3,0,3,2,1,3,1,0,1,1,0,2,3,1,0,0,0,3,1,3,0,3,2,1,0,2,3,2,0,1,2,2,1,3,2,2,3,1,af3271a58b22ae2e6103c4e5af5e2e96daa0832412a823d392729755971c454b,1
133,15,8,2,0,2,3,0,3,3,2,1,3,0,1,2,0,2,3,1,1,3,1,3,3,1,2,2,2,0,1,3,0,2,3,0,3,2,1,3,0,2,1,3,2,2,3,0,0,1,0,1,3,0,0,3,0,1,3,2,2,1,0,0,3,0,2,3,0,0,3,0,2,1,2,3,1,0,2,3,0,1,1,2,2,0,1,3,1,0,0,3,2,3,1,3,2,2,2,0,1,1,1,0,1,3,1,1,3,0,1,1,2,1,0,2,3,2,3,2,0,0,1,3,3,2,2,1,2,1,0,1f5f9213050942b57680681d958d6f0bc45a0265f0832f29e2d0a0e8a7788ff8,1
226,4,11,2,1,0,0,3,2,3,2,1,1,1,2,1,0,1,3,3,2,1,3,3,1,0,0,2,3,3,1,3,0,0,1,2,3,1,2,0,0,2,1,3,1,0,3,0,2,3,3,1,2,2,0,3,1,2,3,3,1,0,0,0,2,0,1,1,1,0,2,2,1,2,2,1,2,2,0,0,1,2,2,3,0,1,3,1,1,2,2,1,2,3,1,3,2,1,3,0,1,2,0,0,0,2,2,0,2,0,3,3,2,1,0,3,3,0,0,3,0,3,3,1,1,0,3,3,2,3,0,66ca1ff27caf6f01069be5e7fe608dc3a0588f963c2f238a52ce16523f5b0631,1
162,11,5,0,1,0,2,1,3,3,3,1,1,0,0,1,0,3,3,1,2,2,3,3,0,0,1,3,1,2,3,3,0,3,1,0,3,1,1,1,0,3,1,0,2,3,3,3,0,0,3,0,0,0,1,3,2,1,2,3,3,3,1,2,0,2,0,2,1,2,2,1,2,1,1,2,1,0,3,0,2,1,3,2,2,0,3,2,3,1,2,0,1,3,2,2,0,2,2,1,0,1,1,0,2,1,2,0,0,0,3,2,2,1,1,2,3,1,0,3,0,3,1,2,3,2,0,3,0,2,1,aa32c768682cbe9609de529c48b9c993cb43af9dfdc995ea6acd0c20bcc87c92,1
3,13,13,0,3,1,2,0,3,3,3,3,2,1,1,3,2,0,3,2,0,3,3,3,2,1,2,2,2,1,1,2,0,0,2,1,3,0,1,3,0,0,0,3,3,0,3,1,1,1,3,2,3,0,0,2,0,0,3,1,2,1,3,1,3,0,1,3,2,0,3,2,2,1,2,2,2,0,2,0,0,1,2,1,1,0,2,3,2,0,1,1,2,2,1,3,0,3,0,0,1,1,0,1,0,3,2,2,3,1,2,0,3,2,1,3,0,0,0,2,0,3,1,3,2,1,1,3,1,1,2,bd6ed541a6b06891b132565ac9c45b8c7dbf9f12b273061ea835e701405464ec,1
67,0,10,0,0,0,3,1,3,3,3,1,1,0,2,3,0,2,2,3,1,2,1,3,1,1,0,3,1,2,2,2,0,0,2,0,3,2,1,1,0,3,3,1,3,1,3,1,0,1,2,1,1,0,2,2,0,1,3,3,2,1,0,1,2,3,1,3,2,1,2,1,2,2,2,2,2,0,2,0,0,1,0,3,0,2,2,2,3,0,1,2,1,3,1,3,3,0,3,0,0,3,0,0,1,2,1,0,3,1,2,1,2,2,0,2,3,0,2,3,0,0,0,3,3,1,3,2,3,1,0,510fd8c1e901f0715fbb547439fc7029cef82da59e334cbc47442d6a4497e12a,1
50,14,8,1,1,2,3,2,2,0,3,0,1,0,2,0,1,3,1,3,1,3,1,3,3,0,0,1,1,2,1,3,0,1,1,2,3,2,1,3,0,1,3,2,2,0,3,1,0,2,3,0,3,0,2,3,0,1,3,2,2,2,1,1,1,0,3,3,3,0,2,0,0,1,2,2,0,0,0,0,0,1,1,3,0,2,2,2,2,0,2,0,3,3,0,3,2,0,3,0,2,2,1,0,2,2,3,1,1,2,2,3,1,1,0,0,2,1,1,2,2,0,3,3,3,2,3,0,2,1,0,4fcb5c95adbe6f6edd723aa5dff564c7621a670ee73466c41f3a42ad4b29a45a,1
50,7,6,1,0,3,3,1,3,1,3,0,0,0,0,2,0,2,3,3,3,3,2,3,3,1,2,1,2,2,1,2,0,0,2,2,3,2,0,3,0,1,3,2,3,0,3,2,0,1,3,0,3,0,1,2,1,0,2,1,3,1,0,2,2,2,1,2,1,2,0,1,1,1,2,2,0,0,2,3,1,0,2,2,0,1,2,3,1,0,2,2,3,3,0,3,2,1,1,0,0,0,0,0,3,3,1,0,2,1,1,0,3,1,0,3,1,1,2,3,0,1,2,3,2,3,3,1,3,1,1,3c548690bd779cc06d7258a6c352d6ec6e2e79511f0cfe571cf9e8034c4f1fcb,1
99,2,9,0,1,2,1,1,3,3,3,1,0,0,3,3,1,2,3,3,2,1,2,3,0,1,0,3,0,3,2,2,0,0,1,2,3,3,1,0,0,2,3,0,3,0,3,2,0,1,2,1,0,0,2,3,2,1,2,3,2,1,1,0,1,1,1,0,1,0,2,0,2,2,3,1,2,0,2,0,2,1,1,3,0,1,2,1,3,2,3,1,2,2,0,3,1,0,3,0,1,3,0,1,1,3,3,0,2,0,2,3,2,1,1,2,2,0,1,2,2,2,0,3,3,1,3,3,3,0,0,9a81b986cee0c35a50edfc6e1e0d40a20e7cda68aaacf0a89049ec2122facc01,1
226,0,8,0,2,2,3,1,3,2,3,2,1,0,3,2,0,1,2,3,2,1,1,3,1,0,0,3,0,3,1,1,1,0,3,0,3,3,2,0,0,1,3,2,2,1,3,0,1,2,1,1,1,0,1,3,2,2,3,3,3,1,1,0,1,0,2,2,2,0,1,0,2,2,3,0,3,0,1,1,2,1,0,3,0,0,2,2,3,2,0,1,1,3,0,3,0,0,3,0,1,2,0,0,1,2,3,0,0,0,1,2,2,1,2,1,2,2,2,2,3,2,3,3,3,1,3,2,3,1,0,0b398f7746de4aa6ecef8e400f935a417eabc823137dfac85251d30f83220aa2,1
165,4,5,0,3,2,3,2,3,3,3,1,1,0,2,3,2,0,0,2,3,2,1,3,0,2,0,3,2,1,3,2,2,2,2,2,3,3,0,1,0,2,3,1,1,0,1,3,1,3,0,1,2,1,0,3,0,0,2,3,1,1,2,0,3,2,0,0,1,0,0,0,2,3,2,0,3,1,1,1,0,2,0,1,3,2,0,1,3,0,1,0,2,2,0,3,3,1,3,1,1,3,0,2,1,0,2,0,2,1,2,0,1,2,0,3,1,2,3,1,3,2,1,3,3,1,3,1,1,2,0,d4efb8101770fe8fc18c2d32ef657f436a31926bb22727a77f04517bf0fac91a,1
83,4,12,0,1,1,3,2,3,2,3,0,2,1,1,2,1,2,1,3,1,1,3,3,0,0,0,3,0,3,1,0,0,3,2,2,3,0,2,2,1,1,3,3,2,2,3,3,0,0,1,1,0,0,3,1,3,0,3,0,0,1,2,3,0,2,1,3,3,2,1,2,0,1,3,3,0,1,2,0,0,0,2,2,1,3,3,1,3,0,2,0,2,3,1,3,0,1,1,3,0,2,0,0,2,1,3,0,2,1,2,3,3,0,2,2,2,1,1,2,2,2,0,1,3,2,1,2,1,1,0,126f857abe819593fb645db3a9ed45a88f027a86e6b8384ed7bfefbc18a157d6,1
68,4,13,0,3,1,2,2,3,3,3,1,1,0,2,2,2,2,2,2,2,1,2,3,1,0,0,2,2,3,1,2,0,0,1,2,3,3,2,2,0,2,3,1,3,0,2,1,1,2,3,0,2,1,0,3,0,2,1,3,3,1,1,0,1,1,3,2,3,0,1,1,0,2,3,1,2,0,1,0,0,3,0,3,2,2,2,0,3,1,1,1,1,2,0,3,1,0,3,0,1,3,0,0,0,3,1,0,1,0,1,1,3,2,1,2,3,0,3,0,2,0,0,3,3,3,3,3,1,2,0,252e2f5fb8711f7d72e6d109f00666f89e818fa519f6e6f228c43de2414b43c1,1
5,4,11,1,2,0,2,0,2,3,1,0,2,0,1,3,1,3,2,0,2,3,0,3,3,2,1,2,2,1,0,2,0,1,1,2,3,0,0,2,0,2,2,2,3,1,3,1,1,1,0,0,3,1,0,3,0,2,3,1,2,1,1,0,2,0,3,3,0,0,3,1,3,3,2,2,0,0,1,1,1,2,2,1,2,2,0,3,3,0,1,2,2,3,1,3,0,1,2,0,1,1,0,1,1,3,3,0,3,1,0,1,2,1,2,3,3,3,2,3,0,0,2,3,3,3,3,1,2,0,0,cce48fc03471a2cad940f4b6a6c057c694f9d28463182f93447baa41b95d8433,1
178,7,9,0,0,0,3,1,3,1,2,1,3,1,1,2,1,2,2,2,2,3,0,3,3,1,0,3,0,0,1,3,0,1,3,1,3,1,0,3,3,1,1,2,0,0,3,2,0,2,1,2,3,0,0,2,0,0,3,2,1,2,0,2,3,0,2,3,3,1,2,1,3,1,2,0,0,2,3,2,0,0,0,3,2,0,3,2,3,0,1,3,0,3,1,3,0,0,0,0,2,0,3,1,2,3,2,2,1,0,2,2,3,1,1,2,2,1,1,2,1,2,1,3,3,3,1,1,2,1,1,c3be62a8632cae35964b4d4b893802310bec3e292fdf65e5b8c67f67d8bf3a25,1
131,1,10,0,2,1,3,0,3,2,3,0,2,2,1,2,1,3,3,3,1,3,2,3,3,0,1,2,3,1,1,1,0,0,2,1,3,1,0,2,1,2,2,3,3,3,3,1,1,1,3,0,2,0,0,1,0,0,2,1,1,1,0,1,2,0,1,2,2,0,3,0,1,2,3,3,0,0,2,1,0,1,1,2,1,3,2,3,0,1,0,2,2,3,0,3,2,0,2,0,0,1,2,0,1,3,3,2,1,1,1,2,2,0,0,3,2,0,3,2,0,3,1,3,3,2,3,3,2,0,0,4138ae32c8950bf1319a67067d5296a8b7d7c33e12abfff7eeaa1be6513c68cd,1
180,1,9,1,1,1,3,1,3,1,3,0,2,0,1,3,1,3,3,0,1,3,1,3,3,0,3,1,2,1,0,3,0,0,1,2,3,0,0,1,0,1,1,2,3,0,3,3,0,1,2,2,2,0,1,1,2,3,2,3,2,1,0,0,1,0,1,2,1,1,2,0,2,2,2,3,3,0,1,1,0,1,2,2,0,2,1,2,1,0,2,1,3,3,0,3,3,0,3,0,2,2,0,0,3,3,2,1,1,0,0,3,2,2,0,2,2,0,3,2,1,0,2,3,3,3,2,3,2,1,0,e1572c9440ad0ecd25ec3b18826a8c5021caab951b7163327de6c03eadd6ac99,1
242,0,9,0,1,1,3,1,3,2,3,0,0,0,0,2,1,3,3,3,1,3,2,3,3,1,0,3,2,1,1,2,1,0,3,1,3,3,1,1,0,1,2,3,1,0,3,2,0,1,3,0,3,0,1,2,0,1,2,3,2,0,0,0,2,3,2,2,1,0,2,2,2,1,2,2,1,0,2,2,0,2,2,3,1,1,0,3,0,1,2,0,1,3,1,3,3,1,1,0,0,3,0,0,0,2,1,3,3,2,2,0,2,0,0,1,1,1,3,3,1,0,2,2,3,1,3,3,2,2,0,d3f8ca96a897d19f7deea478fe623c2da9c977ecc7c2e75903a5c18d9ec84309,1
82,15,10,1,1,1,3,1,3,3,2,2,0,0,3,3,1,2,1,3,2,0,2,3,1,1,0,3,0,3,2,1,1,0,3,2,3,2,0,0,0,2,3,1,3,0,3,1,3,1,2,1,1,0,1,3,1,1,3,3,3,0,2,0,1,0,2,0,2,0,0,1,2,3,3,2,2,0,1,0,0,1,2,3,0,0,3,0,2,0,2,0,0,2,2,3,1,0,3,0,1,2,0,0,1,2,1,1,1,0,2,2,2,0,2,3,2,0,2,3,1,1,3,3,3,2,3,3,2,1,1,a6e237bffacf3e4ed49df038b49a76f3c1dc1774dc263c474e2d8a8e00caffbf,1
34,9,6,0,0,1,3,2,3,2,2,1,2,0,1,3,2,2,0,2,2,2,3,3,0,0,0,3,2,3,2,1,0,3,3,0,3,1,1,1,0,1,2,1,2,1,3,2,0,0,3,0,2,0,3,0,1,0,2,1,2,2,3,3,0,2,2,0,2,1,2,3,1,3,3,1,2,0,3,0,1,0,3,2,1,3,3,0,2,0,2,0,2,3,0,3,1,1,2,2,1,3,0,0,3,3,3,1,0,2,3,1,2,1,2,3,1,0,1,3,1,1,0,0,3,1,1,1,1,1,0,28dd9604320ab1b76c619b2678b36a1d1cf99eab414e002d910d450f885d3c8f,1
36,15,8,0,0,2,3,1,2,1,2,2,1,0,3,0,1,3,2,3,3,1,1,3,0,0,0,1,2,2,2,0,2,1,1,3,3,0,1,2,1,2,3,3,1,0,1,2,1,3,1,1,0,0,1,2,2,2,0,2,2,2,1,0,0,0,3,3,0,2,2,0,0,1,3,1,0,0,0,0,1,3,2,3,3,0,1,3,3,2,0,3,1,3,0,3,0,2,1,2,3,1,0,1,2,1,3,1,2,1,3,2,0,2,3,1,1,3,0,3,3,0,2,2,3,2,2,3,1,3,0,06c05510ba223308b5a1b97f8fcd595df771b53f9c70f8a1bec4e898b53a6345,1
146,12,9,0,0,0,3,2,3,1,3,1,3,0,1,2,3,2,3,3,1,3,2,3,3,1,2,2,2,1,2,3,1,1,2,1,3,3,2,1,0,0,1,1,1,0,3,2,0,2,3,0,3,0,1,1,2,0,2,3,2,0,0,0,3,0,1,1,0,2,1,0,3,1,2,1,1,0,2,0,0,3,1,2,0,1,2,3,2,1,1,1,3,3,0,2,2,0,1,0,2,0,1,0,2,3,2,1,0,1,2,1,3,0,0,2,2,0,3,2,1,3,0,2,3,3,3,1,3,3,0,b2d3dd1049e2242123a920934c93e59723a1ada7c13dd530a055ccb1009765e6,1
99,3,12,1,1,1,2,0,3,2,3,0,2,0,1,3,1,3,2,0,2,3,1,3,3,0,1,2,1,2,2,3,0,0,2,1,3,0,0,1,0,2,1,1,3,0,3,3,0,2,3,3,2,0,2,0,2,2,2,3,2,1,1,0,0,1,1,3,2,0,1,0,3,2,2,3,1,0,0,2,0,1,1,1,2,1,0,2,3,0,2,1,3,3,0,3,2,0,3,0,1,3,1,0,2,3,3,1,2,1,1,1,2,1,0,2,2,0,3,2,1,0,0,3,3,3,3,3,2,1,0,0e0c337172c038e463e6c37ccb240932300aea79eff8a0381e195841f5634f64,1
195,14,10,1,0,2,3,0,3,3,2,1,3,0,1,3,1,3,3,0,3,3,1,3,3,0,3,2,2,2,1,3,0,0,2,1,3,1,0,2,2,2,3,2,3,0,3,1,0,2,3,1,3,0,1,2,1,1,2,1,2,1,1,0,2,0,2,2,2,0,2,0,2,2,2,2,1,0,1,3,0,1,0,1,1,0,0,3,2,0,1,3,2,3,0,3,2,1,1,0,0,3,2,0,1,3,2,1,2,0,0,0,3,1,0,3,2,1,2,1,0,0,1,3,3,1,3,2,3,1,0,037bc7e8b1ac070bce7b52abb9f38f20c13fec95136df3d518f28d5b517377e3,1
34,7,1,1,2,2,3,2,3,2,3,2,1,1,0,0,0,3,0,3,2,3,2,3,0,2,0,3,0,0,2,3,1,3,0,0,3,0,2,0,0,2,1,0,2,3,2,1,2,1,3,1,0,0,2,2,2,1,0,2,1,3,3,3,2,0,1,1,0,2,3,2,1,0,1,1,0,1,0,1,3,2,3,1,3,0,3,1,3,2,1,0,2,3,0,3,2,2,1,0,0,1,0,0,3,3,1,0,0,2,1,3,1,1,2,3,1,0,1,3,1,3,1,2,3,3,1,2,2,2,1,2478b1951949167346a8b1d3ce4b9bf0941cd1ada960041d502565d49f370ff2,1
98,0,8,1,0,1,3,2,3,0,3,0,0,0,1,3,2,3,2,3,0,2,2,3,2,1,1,3,1,3,2,3,1,0,3,1,3,3,0,2,0,1,3,0,1,0,3,3,0,1,3,1,1,0,1,3,2,0,1,3,2,2,0,1,0,0,2,1,1,0,1,2,2,3,3,2,2,0,2,0,0,2,1,3,1,1,2,1,1,0,1,2,0,2,0,3,3,0,3,1,1,3,0,0,2,3,3,0,2,1,2,0,3,1,1,2,1,0,2,3,2,2,2,2,3,1,3,2,2,0,0,08bc933092f9cdf8e7afd95dac8aa0419f5e39617ee41f2a685043a2ebc43b92,1
34,14,9,0,1,1,3,3,3,1,2,2,2,1,1,1,1,2,1,0,2,2,2,3,0,1,0,3,1,2,1,2,0,2,3,0,3,0,2,1,1,2,3,1,1,1,3,2,0,3,2,0,2,1,2,0,2,0,2,0,3,0,3,3,0,3,0,3,3,2,0,3,1,0,3,3,0,0,3,0,0,0,3,3,0,3,3,1,3,2,2,0,1,2,1,2,3,1,2,3,1,0,0,1,3,2,0,1,0,2,0,2,1,1,3,2,1,0,0,1,0,2,0,1,3,3,1,1,0,3,0,5de76f93575cb7789be1424557e9b7359ed52ca69ddcfc07695a6049d9cd567f,1
162,10,5,0,0,2,3,1,3,0,3,0,1,0,0,1,2,3,2,3,1,3,2,3,3,1,1,2,2,2,1,2,2,0,3,1,3,3,0,2,0,1,1,3,1,0,3,2,0,1,3,1,2,0,2,2,1,0,1,3,2,1,1,1,2,0,0,2,2,2,1,1,3,0,3,3,1,0,2,0,0,2,1,3,2,0,2,3,1,2,0,0,3,3,0,3,3,0,1,0,0,1,1,0,1,3,2,2,2,3,1,0,3,0,0,2,0,1,3,3,1,2,3,1,1,2,3,0,1,3,0,fde163108b238c08e95a12bef34d79ecb5d70bdb90864ca518959691c9156760,1
98,10,3,1,3,0,3,3,3,2,3,0,0,0,0,0,0,3,0,3,2,1,1,3,0,1,0,3,0,0,2,3,0,3,1,1,3,1,2,1,1,2,0,2,2,3,1,2,2,2,3,0,0,0,2,2,0,0,1,0,2,3,3,3,0,0,2,0,2,3,1,2,1,1,2,3,1,1,1,1,3,1,3,0,3,0,3,2,3,1,0,1,2,3,0,3,2,3,2,1,1,1,0,0,2,1,3,2,0,2,1,1,1,2,3,3,1,0,1,3,1,2,2,2,3,2,0,1,2,2,2,a3e4f3ff7bf1336b882d93efa1294e4122c9542d3fef44fe6be5141d8b6e26f8,1
85,0,7,0,0,0,3,2,3,3,3,1,0,1,0,2,2,3,2,3,2,1,3,3,0,1,0,3,1,2,3,3,0,3,0,0,3,1,2,1,0,2,1,1,3,2,1,3,0,1,3,0,0,0,2,0,1,1,0,3,1,3,0,3,2,1,0,2,1,1,3,1,2,1,2,2,1,0,1,1,2,0,2,2,3,2,2,0,3,0,2,3,3,2,0,2,0,2,3,2,1,3,0,2,3,3,1,2,2,1,2,1,2,1,0,2,3,1,0,1,1,3,1,0,3,0,0,3,1,2,0,07b6be4e886e5b316f93db3013ad36a8dae75a2be8e8fb4d4aac2d49931936bc,1
2,9,4,0,1,1,3,2,2,1,3,1,1,0,0,3,2,3,2,3,2,3,2,3,3,0,0,2,2,2,1,2,1,0,3,0,3,3,0,2,0,0,3,1,3,1,3,2,0,1,3,0,1,0,2,2,1,0,2,2,3,2,1,1,2,0,2,2,1,0,1,0,3,0,2,3,1,0,3,0,0,2,1,2,1,1,3,3,0,0,1,1,3,2,1,3,3,0,2,0,0,3,1,0,2,3,2,1,1,1,1,0,2,0,0,2,1,0,3,2,2,1,1,3,3,1,3,3,2,2,0,b8ba08ca6b9736fde4432266fd79ad98e7a8cb564045f759ef7e18fd459b0167,1
100,5,12,0,1,0,3,2,1,3,3,1,2,1,3,1,2,2,3,2,1,0,2,3,1,1,0,2,1,3,2,1,0,0,2,1,3,3,2,0,1,2,2,1,3,0,2,0,2,3,1,0,2,0,1,3,1,1,1,3,2,2,2,0,1,1,3,3,3,0,3,0,0,3,3,1,3,0,2,0,1,2,2,3,0,0,3,0,0,2,2,0,2,2,0,3,1,0,3,0,2,1,0,0,1,2,2,0,2,0,1,2,3,2,1,1,3,1,1,0,1,0,3,3,3,3,3,2,3,1,0,6b50c9ca65376520b829578fb6c51bd36ff8d5097c49abfc5e3d7a1760c26bac,1
195,15,8,0,1,2,3,1,2,2,3,0,2,0,2,3,1,3,3,2,2,3,2,3,3,0,1,2,1,2,1,2,2,0,2,0,3,3,0,0,0,1,3,1,3,0,3,2,0,1,2,1,2,0,0,2,0,1,2,3,1,1,1,0,1,1,1,3,2,2,0,0,3,3,1,3,1,0,0,1,1,3,2,2,0,3,0,3,1,2,2,0,3,3,0,3,0,1,2,0,1,3,0,0,3,2,3,1,2,2,1,1,2,1,0,0,2,0,3,1,1,0,1,3,3,1,3,3,2,2,0,315d4b18e4724fc1258d804089dfa860645b3d8fb4d5912fb0ed29ad988c16eb,1
226,13,6,3,3,0,2,1,2,0,3,0,0,1,0,3,1,3,1,3,1,3,2,3,0,2,1,3,1,2,3,1,2,0,2,1,3,3,0,2,3,0,3,0,3,1,3,1,2,0,2,0,0,1,0,3,1,1,3,3,3,1,1,0,0,3,1,2,2,0,2,2,0,0,0,1,3,1,0,1,0,2,1,1,0,0,2,2,3,3,3,2,2,3,1,3,1,1,2,0,2,0,2,0,1,2,1,2,0,0,3,1,3,1,0,2,2,0,2,1,2,2,1,2,3,2,3,1,2,3,0,4f7fbe0a1ea0c1351966db88a1c1633d07478ed2ee5d30fda6db1f91657f78e4,1
84,2,9,0,0,0,3,3,2,3,3,1,1,1,0,0,2,2,3,3,0,3,2,3,0,3,0,2,0,3,2,0,0,2,2,2,3,1,1,2,1,3,1,1,3,3,1,2,2,0,3,0,0,0,3,0,0,1,0,3,0,2,2,1,1,0,2,3,1,0,2,1,1,2,1,2,1,1,1,0,1,0,3,2,1,1,2,2,3,0,1,1,2,3,0,3,1,3,2,3,2,2,0,0,2,1,3,3,3,3,2,1,1,1,2,1,1,3,0,0,2,2,2,1,3,0,2,3,0,3,0,149e5bfba07182fa24b5f2008e90e31b403e30acd5d7410573bfa58c7a69df89,1
241,9,3,2,0,1,3,1,0,0,2,2,0,0,3,2,0,3,3,0,3,2,0,3,3,2,1,3,3,1,2,2,1,0,1,0,3,0,2,1,2,1,0,1,3,1,3,2,2,3,3,0,2,0,2,1,3,2,3,2,2,0,0,0,3,0,3,1,1,1,1,1,0,3,3,2,1,0,2,1,3,2,3,0,2,2,0,2,3,1,1,2,3,1,1,3,1,0,1,0,0,1,0,1,2,3,3,0,0,2,1,1,2,2,1,2,0,0,0,2,2,1,1,3,3,2,3,3,1,2,0,bbd3a96f20fa83d45fd649eac06affbce4b847e820f2ed555bc1d0817583d9ff,1
35,11,6,0,0,3,1,1,2,1,1,0,1,2,1,2,0,3,3,3,2,3,0,3,3,1,1,2,2,3,1,2,0,0,3,2,3,2,1,2,0,1,3,2,3,0,3,2,0,3,3,0,1,0,0,2,1,1,1,3,1,1,1,0,3,0,2,2,2,1,2,0,2,0,3,3,2,0,2,3,0,1,1,2,1,1,2,3,2,2,1,1,3,3,0,3,3,2,1,1,0,2,1,0,0,3,0,0,2,1,0,2,3,0,0,2,2,0,3,3,0,1,1,3,3,2,3,2,0,1,0,6e586480b932ee29933162792f453757cdb8ea7f499ade37b47e45f77e2770be,1
209,8,5,3,0,1,3,1,3,0,3,1,1,0,2,3,0,2,2,0,3,2,2,3,2,1,1,2,2,3,0,3,0,0,3,1,3,0,0,3,1,1,1,3,3,1,3,2,0,2,3,0,2,2,0,1,2,2,3,1,2,2,1,1,3,2,3,3,1,0,0,1,1,3,2,2,1,0,1,1,1,2,3,0,1,0,2,2,3,0,1,2,2,3,1,3,1,0,2,1,0,2,0,0,1,3,2,0,1,0,0,0,3,1,0,3,0,0,2,3,1,0,1,3,2,2,3,3,2,1,0,be1612090d8581ae998b87d38a82e3dc0ed45d3af873f59abf466a31313a60f4,1
130,4,12,1,1,1,3,2,3,2,3,1,2,1,3,2,2,2,3,3,0,2,0,3,0,0,0,1,0,2,2,1,1,1,3,0,3,3,2,2,1,1,3,1,3,1,3,1,2,1,3,1,2,0,1,3,2,1,3,3,2,1,0,0,1,2,3,0,0,0,2,2,1,2,3,2,0,0,2,1,0,1,2,3,0,0,3,2,2,1,1,0,2,3,0,3,0,0,2,0,1,0,0,0,2,3,0,1,0,0,1,1,3,1,0,2,2,0,2,3,0,3,3,3,3,2,3,2,3,0,1,8db2c3c08f21039763533aa68002b6cbeb85c57ca9d406f75875297336067f01,1
242,1,10,0,2,1,3,0,3,2,3,0,1,1,1,3,1,2,2,3,1,2,2,3,3,0,1,2,1,2,2,2,0,0,2,0,3,2,0,2,0,3,3,1,3,0,3,2,0,0,2,1,1,0,0,1,1,1,3,3,3,1,2,0,1,0,2,3,2,0,1,0,3,1,3,2,2,0,2,0,0,1,1,1,1,0,2,2,3,0,1,2,2,3,0,3,2,0,3,0,0,3,0,0,0,3,1,1,2,0,2,1,3,2,0,2,3,1,3,3,0,1,2,3,3,2,3,3,1,1,0,c4ba38e5b70826c1758ad1cc6afacc723d2ec4a00857638b1606415ecc3b0e47,1
194,10,5,0,2,2,3,0,3,1,2,1,2,0,1,3,0,2,2,3,3,3,2,3,3,2,1,2,1,2,0,3,0,0,3,0,3,1,0,3,1,0,3,3,3,0,3,2,0,1,3,1,3,0,0,2,0,1,3,2,2,1,1,2,3,0,2,2,1,0,0,0,1,1,3,2,0,0,1,2,0,1,2,1,0,0,2,3,1,0,1,2,2,3,0,3,1,1,1,0,1,1,0,0,2,2,2,1,2,0,2,1,3,0,1,3,1,2,2,3,2,1,2,3,3,3,3,1,3,1,0,7055b4c28b22bf595b4ce1aa32cdfb78f3b8832fb37d9be77652cf48ce42c7f4,1
99,4,11,0,1,1,3,2,1,3,2,2,2,2,3,1,1,3,3,1,0,0,1,3,1,0,0,2,3,3,3,2,2,2,2,0,3,1,3,3,2,2,3,1,3,1,1,0,0,0,2,0,1,0,0,3,0,1,1,2,1,2,1,0,0,2,3,1,2,0,2,0,0,1,3,0,0,1,1,1,1,0,3,2,1,0,3,0,2,2,2,2,2,3,0,3,1,0,3,2,2,2,0,0,1,3,3,1,1,0,0,1,3,1,2,0,3,1,1,2,0,2,2,3,3,3,3,3,2,1,0,25fe9acc26dda154a83996437c575d2045ab7c9f09bb012312cba5e748895bb5,1
225,3,15,0,1,2,3,1,3,0,3,3,1,0,0,3,2,3,2,3,2,2,3,3,2,3,0,2,1,2,1,2,2,0,2,0,3,1,0,0,0,2,3,2,3,1,3,3,0,0,3,0,1,0,0,1,1,1,3,2,2,0,2,2,3,1,0,2,1,2,1,2,1,3,1,2,0,0,2,2,0,1,3,2,0,1,3,3,1,0,2,0,1,3,0,3,2,2,1,0,3,1,1,0,2,3,1,0,2,1,1,0,3,1,1,2,0,0,1,3,1,0,3,2,0,2,3,2,1,2,1,ee9e08affc9e3c407d351a0fde32b43b5d30325b21070b674bd0aa8b80a31355,1
82,11,6,0,2,1,3,3,3,3,3,0,0,0,1,1,0,3,2,3,3,1,3,3,1,1,0,3,0,2,2,3,0,3,1,0,3,1,0,1,0,0,1,2,2,3,3,2,1,0,3,0,1,1,1,2,1,2,1,2,2,3,1,3,0,2,2,0,0,2,1,2,1,1,2,3,0,2,1,1,2,0,3,1,3,0,3,1,2,2,0,0,0,3,1,3,0,2,2,2,0,0,2,0,3,2,2,2,1,1,3,2,0,2,0,3,0,1,0,3,2,3,1,0,3,1,1,3,0,2,2,9f0828cf23f1c67a81e4d6206645f582f9c31d2c28397e08ca1c6f14d44cbb92,1
82,7,7,0,1,2,3,1,3,1,3,1,2,0,0,3,2,3,3,0,1,3,3,3,3,0,0,3,1,0,2,3,0,0,3,2,3,3,1,3,0,1,1,2,1,0,3,3,0,1,3,1,2,0,0,2,2,0,3,2,3,2,0,0,0,0,2,1,3,0,2,3,1,0,1,3,1,0,1,1,1,1,2,3,2,1,1,2,2,1,0,0,3,2,0,3,3,0,1,0,0,2,2,0,2,3,2,2,1,2,3,2,2,1,0,2,0,1,1,1,1,0,1,1,3,2,2,3,1,2,2,1fd4a8737ec77863e097f6618c3aac841b92f8a90962f009750bcc5071a42afa,1
6,15,8,2,1,1,2,2,0,3,2,3,2,0,3,0,3,3,1,1,3,3,3,3,2,3,0,1,0,0,0,3,0,1,0,0,3,0,0,2,3,0,3,3,1,2,2,1,2,2,3,0,1,0,2,2,3,1,1,3,0,1,1,2,2,2,0,3,3,0,1,2,0,0,2,1,0,3,0,2,1,1,3,0,3,3,1,2,1,2,2,2,3,2,2,1,0,1,2,3,2,1,0,3,2,3,1,0,3,1,0,0,1,1,0,0,2,1,1,1,0,1,0,2,3,2,2,1,3,1,3,46126017a85192ebe0981bf0f2fea2079df27b3fbf09bed5bdf967d4d5caaa7d,1
100,1,11,0,0,0,3,3,2,3,3,1,2,2,0,1,2,2,2,3,1,2,2,3,0,1,0,3,3,2,3,0,0,3,1,1,3,0,0,2,2,2,1,1,3,2,2,3,1,0,3,1,1,0,3,0,1,3,0,3,0,3,1,3,2,0,1,3,1,0,1,1,1,1,0,2,1,0,1,0,0,0,3,3,2,1,3,1,3,0,2,2,2,3,0,2,0,2,2,3,1,2,0,0,2,2,3,1,1,3,2,1,2,1,1,0,2,3,0,0,2,2,2,1,3,0,1,3,1,3,0,89823042b0d314e57c442a66a3c6c519fbcd1c46fedb5c5eee9afd6184b5fdcc,1
5,5,12,0,0,0,3,0,3,1,3,0,2,0,1,3,2,3,3,0,2,2,2,3,3,0,3,1,1,1,0,3,0,0,2,1,3,0,0,1,2,3,2,2,3,0,3,2,0,1,3,1,1,1,1,1,2,2,2,3,3,1,1,0,0,1,1,2,3,0,1,0,2,2,2,2,1,0,2,2,1,1,0,2,1,2,2,1,2,0,2,1,2,3,0,3,2,1,3,0,1,2,0,1,2,3,3,0,1,0,0,3,3,3,1,2,1,0,3,2,0,0,1,3,3,3,3,3,2,1,0,7a206eeddc35ef3aad7bb498b0acec14e38ffc7c33abe708cf8063a06d987d02,1
210,8,4,2,0,3,2,0,2,2,1,0,1,1,1,3,1,3,3,2,3,3,2,3,3,1,1,1,2,2,0,3,0,0,3,1,3,0,0,3,2,0,3,2,3,1,3,2,0,2,3,1,3,0,0,2,0,0,1,2,3,1,0,2,3,0,3,2,1,1,1,0,1,2,1,3,0,1,2,2,0,1,1,3,0,1,0,2,1,0,1,2,3,3,0,3,3,2,1,0,0,2,2,0,2,3,1,0,1,1,1,0,3,1,0,2,2,2,2,2,1,0,0,3,3,3,2,1,3,2,0,ef264e008bb83545442eb58c413d7e7d05c1b70e8116d8d81d9ae14cf00bf1e7,1
242,0,10,1,0,0,3,2,2,1,3,1,1,2,0,3,1,3,0,2,1,0,3,3,0,0,0,3,1,3,2,1,0,3,3,0,3,0,1,1,2,1,2,2,2,2,2,1,0,1,2,0,2,0,3,0,1,0,1,2,2,3,2,3,1,1,2,1,3,1,2,2,3,0,2,3,0,0,2,0,1,0,2,3,2,3,3,0,3,0,1,1,2,3,0,1,0,2,3,2,1,2,0,0,3,3,3,0,1,3,3,3,2,1,1,1,2,0,0,2,1,1,0,1,3,3,2,3,1,2,0,86184b2ba7df728f1a45eac7c32025c2989a585b59377eb73ea7d4af7afba4d8,1
34,1,11,0,1,0,3,1,3,1,3,0,0,0,0,3,1,3,0,3,2,2,3,3,1,1,1,1,1,3,2,2,0,0,3,0,3,3,0,2,0,1,2,0,2,2,3,2,0,1,3,0,3,1,1,3,1,1,3,2,1,0,0,2,1,0,2,2,1,1,1,3,3,2,3,2,3,0,2,0,0,1,1,2,0,0,3,1,1,0,2,0,1,2,2,3,2,1,3,2,2,2,0,0,2,3,1,0,2,0,2,1,3,0,1,2,1,0,1,3,1,1,1,3,3,3,3,1,2,3,0,bf291819be4db98cd3230efb191b9656a96df568e5a408876259e1d81f195e9d,1
129,6,5,2,0,2,3,0,1,2,2,2,2,3,2,3,0,3,1,0,2,3,0,3,2,0,2,2,3,1,1,3,1,0,2,1,3,0,0,2,1,1,0,3,0,1,3,0,0,1,3,0,3,0,2,0,2,0,3,1,2,2,2,2,2,2,2,2,0,1,0,3,1,2,1,3,2,0,1,0,1,0,1,1,0,0,1,2,1,0,3,2,3,3,2,2,3,1,1,0,1,0,1,0,1,3,3,2,1,0,2,2,3,1,3,2,0,1,0,3,1,3,3,3,3,3,3,1,1,0,0,364510495676431a7a633bfe71b25cd4c717ccaf82da58446501a2d7b3870011,1
4,2,10,0,2,0,3,2,3,3,3,0,1,0,0,3,2,2,3,0,2,1,0,3,1,1,2,2,0,3,1,0,1,0,3,1,3,3,2,1,0,1,1,2,3,0,2,0,1,3,3,1,0,0,0,3,0,3,3,2,1,0,1,0,1,1,3,2,2,0,1,3,3,1,2,0,2,0,0,1,2,3,2,2,1,1,2,2,2,0,1,0,2,3,3,3,1,1,3,0,2,3,0,2,2,1,2,3,1,0,2,2,3,2,0,1,1,1,3,0,2,0,2,2,3,0,3,1,3,1,1,bd308273b57f1ecde5a42aaf78f9a3ee97a1b0b9273c18faee006cd96a387134,1
117,4,12,0,1,1,3,1,3,3,2,2,1,0,3,3,2,2,3,1,3,2,2,3,2,0,0,2,2,3,1,2,1,0,1,0,3,3,1,0,0,2,2,1,3,1,3,2,1,1,1,1,2,0,0,3,0,1,2,3,2,0,2,0,1,0,3,1,2,0,3,0,0,1,2,1,2,0,2,2,1,3,0,2,0,2,2,0,1,0,1,2,2,2,1,3,0,0,3,0,1,3,0,2,1,3,3,0,3,0,2,1,3,2,1,1,3,0,3,1,1,0,0,3,3,3,3,3,2,1,0,99a1f58c233143bda260483c1178a0735898a4b5d54a53f599559e58a4c55db6,1
162,14,7,1,0,2,3,1,3,3,2,1,2,0,0,3,0,3,3,3,2,3,0,3,3,1,0,2,1,1,0,3,1,2,3,1,3,2,0,1,0,1,2,2,3,0,3,0,0,1,2,0,2,0,1,1,0,0,2,2,2,2,1,0,2,0,2,1,1,0,3,0,1,1,3,3,2,1,1,1,0,1,2,2,2,1,3,3,1,0,1,2,2,3,0,3,3,0,2,0,0,0,1,0,1,3,2,1,2,1,0,2,2,0,1,3,3,1,0,3,0,1,3,3,3,2,2,3,2,3,0,863bf366559340ff2d546bd5545a0b00b95ce49c9b9fab21cdfa39a53713ea36,1
82,15,8,1,0,2,3,0,3,0,3,2,2,0,3,0,1,3,0,0,2,3,3,3,3,0,0,2,2,2,2,3,0,0,3,2,3,2,0,1,1,1,0,2,0,0,3,3,0,2,3,1,2,0,1,0,2,1,3,3,3,2,1,1,1,1,1,2,1,0,2,2,2,3,2,2,0,2,1,1,0,1,3,0,2,0,2,3,0,1,1,1,1,3,0,3,3,0,1,2,1,1,2,0,1,3,1,2,0,1,1,2,1,1,2,3,0,1,2,3,3,0,2,3,3,2,1,2,2,0,0,8a08eb6ffc20db0a08ad27543b6539448f24e20e843f155a6d9c1ecc1aa8196d,1
243,1,9,0,1,0,3,1,2,2,3,2,2,1,0,2,2,3,0,2,2,1,3,3,0,1,0,3,2,3,0,0,1,3,2,1,3,0,1,2,0,2,1,2,3,0,0,3,0,1,1,0,0,1,3,0,0,1,1,2,0,1,2,3,2,2,0,3,2,1,1,3,2,1,1,2,0,1,2,0,0,0,2,3,1,3,3,2,3,0,2,2,3,3,0,2,0,2,1,3,0,3,0,3,3,2,2,3,2,3,3,1,1,1,1,1,3,1,1,0,2,2,0,1,3,0,1,3,1,3,0,62108c63ba9d50e6d7f41924eb16d42f18075d2e3ee022b6b03874872921cb54,1
98,3,0,0,3,1,3,0,3,2,3,1,1,1,0,2,2,2,3,3,1,3,3,3,2,0,2,2,3,1,0,2,0,3,1,2,3,1,0,1,0,1,1,3,3,0,3,2,2,3,3,2,2,0,0,2,1,0,3,1,2,0,1,0,2,1,0,2,2,0,1,1,2,1,3,3,1,0,2,0,2,2,3,1,2,1,3,3,1,0,1,1,3,2,0,3,3,0,2,0,1,2,0,0,0,3,3,1,1,2,3,1,1,0,0,3,0,0,1,3,0,2,2,3,2,2,2,1,1,0,0,8e4c2b38f24a82533d67335631516fbed6d6b597d4ba5bc5a12b86f6a9f4f04a,1
161,8,2,0,1,3,3,3,3,1,3,3,2,1,1,3,3,2,0,2,3,1,3,3,1,2,0,3,1,3,1,0,0,3,3,0,3,2,0,1,1,2,2,2,1,2,3,0,0,0,3,1,1,1,2,0,2,0,2,1,3,2,3,3,0,2,0,0,0,1,2,2,0,1,2,3,1,0,2,1,1,0,3,2,1,1,3,1,2,0,2,0,1,1,0,3,1,1,1,1,0,2,0,0,3,3,2,2,0,1,2,2,2,2,3,2,2,0,0,3,1,0,1,0,3,2,0,2,1,3,0,8d2e3bc558324807ab832bd1cd5429a49b724eeb31970e206324767e9dcdd12d,1
209,9,6,0,1,3,2,3,2,1,3,1,1,0,2,2,0,3,3,1,3,2,3,3,1,2,0,2,0,3,1,3,0,3,1,0,3,1,2,0,0,0,0,1,2,3,3,2,0,2,3,0,0,0,0,0,3,1,0,2,0,3,1,2,2,1,0,0,0,1,1,2,3,0,1,1,0,0,0,1,3,1,3,0,2,0,3,2,2,0,3,2,3,3,0,3,1,2,1,1,1,3,1,2,3,1,1,1,1,1,2,2,2,3,1,3,2,1,1,1,2,3,1,0,3,3,2,1,0,2,1,6d3c27ed6a499c64a0dd2533e0ff1e12fa7c18d966a15f0f0715073da9675e0f,1
34,13,7,2,3,2,3,1,3,0,3,2,1,0,3,3,1,3,1,0,3,3,2,3,2,3,1,2,2,2,1,2,0,0,2,1,3,2,0,2,0,1,0,2,2,1,3,3,0,1,3,1,2,0,0,1,3,0,3,2,1,1,0,1,0,0,2,3,2,0,1,1,2,1,1,3,1,0,2,0,0,0,3,0,1,1,3,1,3,2,2,1,0,2,1,3,2,0,2,2,0,0,2,0,0,3,3,1,0,1,3,0,2,2,0,3,1,0,1,3,2,0,2,3,1,3,2,3,0,1,0,b43095ce0f0381d1413c833f908b4164dd5d347c858a487a04fcb86fe7ffad45,1
242,13,7,1,0,0,3,3,2,3,3,0,0,1,1,1,0,3,2,2,2,0,3,3,1,1,0,3,0,1,3,3,0,3,1,0,3,0,1,1,0,2,1,0,2,3,2,3,0,0,3,1,0,0,3,0,2,0,2,3,2,3,1,3,1,3,0,1,0,3,2,2,1,0,2,2,2,1,1,3,2,0,3,2,1,1,3,2,3,1,1,1,1,3,0,2,0,2,1,2,0,2,0,1,3,3,2,0,1,2,2,1,3,1,0,2,2,1,1,3,0,3,2,2,3,2,1,2,0,2,0,2fbeee8239bbba1e4ba0d307fc862e0874b70d2f9a95bb8cc9364229a95aa9e7,1
243,15,7,0,0,1,3,3,0,2,2,0,2,0,3,0,1,2,3,0,1,2,0,3,1,0,0,1,2,2,2,0,0,0,1,2,3,2,1,2,0,2,1,2,3,0,1,1,1,2,0,1,1,0,1,3,0,3,2,3,3,2,2,0,1,0,3,2,1,1,0,1,3,2,3,1,2,3,2,1,1,3,3,2,3,0,2,2,3,3,2,0,3,3,1,3,1,0,3,1,2,2,0,0,2,1,3,0,2,0,0,3,3,0,1,1,2,1,1,1,1,0,3,2,3,3,3,2,3,1,0,457510caa10869e64ea58dd32c228d47fba613fe6e1d1fc041b10d04d3d94ca1,1
163,0,8,0,1,0,3,2,3,3,3,2,1,0,0,1,0,3,1,2,3,2,3,3,0,1,0,3,1,2,3,3,0,3,0,0,3,1,2,1,1,1,0,2,3,2,2,3,1,1,2,0,0,0,2,0,1,2,2,3,2,3,1,3,3,1,1,2,3,2,2,1,2,0,1,2,1,1,1,0,3,0,2,3,1,2,3,1,2,0,1,2,3,3,0,3,0,1,3,2,0,2,0,2,3,3,1,0,1,2,1,1,0,1,1,2,3,0,0,2,1,2,0,0,3,2,0,2,0,3,0,5252d4103e7608db226e6f7a2c48ac5633f9e5be2fe4adc8a60b1c35ffba899f,1
146,12,7,0,1,0,1,1,3,3,3,0,0,1,3,2,0,2,3,3,1,0,1,3,0,0,1,3,2,3,1,2,2,0,2,2,3,1,3,0,1,2,3,2,2,0,2,1,2,1,2,0,1,1,1,3,0,2,3,2,1,2,2,0,2,1,2,3,1,0,3,1,0,3,3,0,1,0,1,0,1,2,2,3,0,1,3,0,0,3,0,2,1,3,0,3,1,1,2,0,2,0,0,0,1,1,2,0,1,1,2,3,3,1,0,3,2,2,1,2,0,2,3,3,3,2,3,3,3,2,0,8994c53260a412042844fe0ca449eecd50e012b4e739106e9381e110dc21ba10,1
35,2,9,0,2,1,3,2,2,2,3,0,1,1,2,2,1,3,3,3,1,1,2,3,0,0,0,3,1,3,0,2,0,0,3,0,3,3,1,1,0,3,3,2,3,1,3,2,0,2,2,0,2,0,1,3,1,0,2,3,2,1,0,0,1,1,1,1,2,1,2,1,1,3,3,0,1,0,2,0,0,2,2,3,1,2,3,1,1,0,1,2,0,2,0,3,0,0,2,0,1,3,0,0,2,2,3,2,2,0,1,1,3,2,0,2,3,0,3,1,2,1,1,3,3,1,3,3,3,1,0,27bb74f1298def9fe2102505bc85b6ea6a408206fbc11c39c2c92166c3297110,1
83,1,11,0,0,1,3,0,3,2,2,0,2,0,0,2,0,2,1,3,1,3,2,3,3,1,1,2,1,2,2,3,1,0,3,0,3,3,0,2,1,0,2,1,2,0,3,2,0,1,3,1,2,0,1,3,2,1,1,3,2,1,0,1,2,0,1,3,1,1,0,0,3,0,1,3,1,1,3,1,0,1,1,3,0,0,1,3,3,2,2,1,3,3,0,2,2,2,1,0,1,1,1,0,2,3,2,1,2,3,0,0,3,0,0,2,3,0,3,3,2,2,0,2,3,2,3,2,2,3,0,414d6d0b31600ba9ddd93910d24aa8a3d19578d46e7ce47159d206c396f911e2,1
145,7,4,1,0,3,3,2,3,1,3,1,2,0,1,3,3,2,2,3,2,1,3,3,1,1,0,0,2,2,0,2,1,0,3,0,3,2,0,1,0,0,2,3,3,0,3,2,0,1,3,0,2,0,1,1,0,0,3,2,2,0,1,2,3,3,2,2,1,0,1,0,0,1,3,3,0,0,1,1,0,1,3,2,1,0,3,3,1,0,3,0,1,3,0,3,2,1,2,1,1,1,0,0,2,3,2,0,1,1,2,0,2,1,0,2,0,0,2,3,1,1,2,2,2,2,2,2,3,2,1,0c004af24187ee5761bb8907aa9158918f70dbcaef4908f6627347d7668091f9,1
195,3,8,0,2,0,3,1,3,3,3,0,1,0,2,2,2,1,3,3,1,1,1,3,2,0,1,1,1,3,2,2,0,0,1,1,3,3,1,1,0,1,3,1,3,0,3,2,1,3,1,1,0,0,1,3,2,0,1,3,1,3,1,0,1,2,2,2,2,0,3,0,2,3,2,0,2,0,0,0,1,2,1,2,2,0,3,2,3,2,1,1,0,3,2,3,0,1,3,2,0,2,0,0,1,2,3,0,0,0,0,1,2,1,0,3,2,2,3,2,2,0,2,3,3,3,3,2,3,0,1,d778c1caea837a1407e2470b3ad7752af0f417c9736fdb8986c4c57d61ea7b06,1
243,1,10,0,1,2,2,1,2,2,2,0,0,0,2,2,1,1,3,1,2,1,2,3,0,0,0,2,1,3,1,2,1,0,2,1,3,3,2,1,0,3,3,0,3,0,1,3,0,2,0,0,0,2,1,3,0,1,1,3,2,1,1,0,1,1,2,1,3,0,2,0,1,3,2,2,3,0,1,0,1,3,2,2,2,2,2,1,3,2,3,0,3,2,0,3,0,0,3,0,1,3,0,1,1,3,3,0,3,0,1,2,2,2,2,3,2,1,3,0,1,0,1,3,3,3,3,3,3,1,0,3751c06d60469721df10ffc3863544f333c5ddeb89149ff1e0fe466af47b82d1,1
50,4,0,1,1,1,3,2,3,2,3,0,1,0,0,1,3,2,3,2,0,3,2,3,2,2,2,3,2,2,1,3,0,0,2,1,3,2,0,2,0,0,2,3,3,0,3,2,0,0,3,2,2,0,0,1,0,1,3,2,1,1,1,1,2,1,1,2,1,0,3,1,2,2,3,3,2,0,1,0,1,1,3,1,1,0,3,3,1,0,2,0,3,3,0,3,3,1,1,0,1,2,0,1,1,3,3,2,1,2,1,1,2,0,0,3,0,0,1,3,0,3,2,3,2,2,1,2,0,0,0,1da076a39751ff057e969f3a973e78bc9738b22e115a2ba1422e7d5b6e0b574d,1
162,9,4,0,0,1,3,0,3,0,3,1,1,0,0,2,0,3,3,0,1,3,1,3,3,2,3,3,2,1,2,3,1,0,3,2,3,1,0,1,2,0,1,2,2,0,3,2,0,1,3,2,3,0,0,1,3,1,3,2,3,0,0,1,1,1,0,1,1,0,1,0,1,3,3,3,0,0,2,2,2,2,2,1,1,2,2,2,3,1,1,0,2,3,0,3,2,0,0,1,1,1,2,0,2,3,3,2,0,3,2,1,3,0,1,2,2,0,2,3,0,0,1,2,3,3,2,1,2,1,1,a07ba318ab3849d97f13e0b59eeecd1ea1eb4d913a9c9176da4217de337988ad,1
164,6,13,0,1,1,3,2,2,3,2,2,3,0,3,2,1,3,3,2,2,0,1,3,3,0,0,3,2,3,0,1,0,0,1,0,3,1,2,2,0,1,2,1,3,0,2,1,1,1,1,2,2,1,1,3,1,2,3,3,3,2,3,0,1,0,3,1,1,0,3,0,0,3,3,2,3,0,1,0,1,1,0,3,0,0,2,0,2,1,2,1,1,2,0,3,1,0,2,0,2,3,0,0,2,3,2,0,2,0,1,1,3,2,1,2,3,2,1,1,0,0,2,3,3,3,3,2,1,2,0,a21551b36a48a5620aae3dd582ced4926236451895d62bb45b978052ff586f28,1
209,9,5,2,1,2,3,2,3,0,3,1,1,0,1,3,1,3,2,3,2,3,3,3,3,2,0,2,1,2,1,2,0,0,3,0,3,1,0,2,0,1,2,2,3,0,3,2,1,2,3,1,0,0,1,0,1,0,3,2,1,2,2,2,3,1,1,1,2,0,1,1,1,1,2,3,0,0,2,0,0,2,3,1,0,0,3,3,2,0,1,1,3,1,0,3,3,2,2,0,1,2,1,0,2,3,1,0,0,0,1,0,3,0,0,3,0,1,0,3,1,0,3,2,2,2,3,1,3,1,0,c31a10e2f81c114861dc2cc01668814e70bd94b27ab21d0dfe96e04a072e2ffa,1
98,13,8,0,1,0,3,2,3,2,3,2,1,2,0,2,1,3,0,0,2,0,3,3,0,1,0,3,1,2,1,1,0,3,2,0,3,0,1,0,0,0,1,2,3,2,3,3,0,0,3,1,1,0,3,1,2,1,3,2,2,2,3,3,0,2,2,2,2,2,1,3,1,2,3,2,0,0,3,1,1,0,3,2,1,2,3,1,3,0,2,1,1,3,0,2,1,0,3,2,0,2,0,0,2,3,0,1,1,0,2,2,3,1,1,3,2,1,0,3,2,1,0,1,3,1,1,2,1,3,0,87fcde67ef3549e2f241fbc3b59099ac00fc163029037d30479fd4630d18fb68,1
82,6,2,0,2,1,2,3,3,3,3,0,0,1,0,1,1,3,2,0,2,0,3,3,0,1,0,3,0,1,2,3,0,3,2,0,3,0,0,2,0,2,0,2,1,3,3,3,0,0,3,0,1,0,1,2,1,0,1,3,3,3,2,3,0,3,1,1,0,3,0,2,2,1,2,2,1,2,3,2,3,0,3,0,1,1,3,2,2,1,2,1,1,3,2,2,0,3,0,2,0,0,1,0,2,2,2,1,1,0,3,2,2,1,1,3,2,1,1,3,0,3,1,2,3,1,2,1,0,2,1,fd0368f83a88516172d453264502724cf10d0185c0135df4edb78021006aeea2,1
115,1,7,0,1,1,3,1,3,0,2,0,3,0,0,2,1,3,2,2,2,3,1,3,3,2,2,0,0,1,3,3,0,0,3,1,3,2,1,2,1,3,2,3,2,0,3,2,0,1,1,1,3,1,1,2,2,0,2,2,1,2,1,1,3,0,2,3,1,0,3,0,1,2,3,1,0,2,2,3,0,2,1,1,2,2,1,3,2,0,0,3,3,3,0,3,1,0,1,0,1,0,0,0,0,3,2,0,2,2,0,3,3,1,0,1,3,1,2,2,0,0,2,3,3,1,1,0,2,3,1,c3a24df8dc4678c41ca467c6cb957953a3a472b436a58a081eff89b5a9759724,1
115,5,12,0,0,0,3,2,2,2,3,0,0,1,0,2,2,1,0,3,1,1,1,3,0,0,0,3,1,3,1,0,1,3,2,2,3,0,1,3,2,1,3,3,3,1,1,0,2,1,3,0,2,0,3,0,1,0,1,1,2,2,2,2,1,2,1,3,1,1,1,3,2,1,3,3,0,0,2,0,1,0,3,2,3,3,3,0,3,1,0,2,2,3,0,3,0,3,0,2,1,0,0,3,3,3,3,2,2,2,0,2,3,1,1,2,2,1,0,0,2,2,1,1,3,2,1,2,1,2,0,684ad4b3972af89a8aa6c858ff88130acc86f3a671ace518f69aa43c2cadf7a8,1
180,2,11,1,2,2,3,0,3,3,2,0,2,0,1,3,0,3,1,0,1,3,1,3,3,0,1,0,3,1,0,3,0,0,2,1,3,2,0,3,2,1,2,2,3,0,3,1,0,1,2,1,3,0,0,3,1,2,2,3,1,2,0,1,2,0,2,3,2,1,3,0,2,1,3,2,3,0,2,1,0,1,1,2,1,2,0,3,1,0,0,3,3,3,0,3,3,0,2,0,1,2,2,0,0,3,2,1,2,0,0,2,1,2,1,2,3,1,1,0,1,0,1,3,3,1,2,3,2,2,1,80376a7e5adf7a1ae0ad3ba512af53cb3a6bde31a69e93b2e1c2839f6608c2a6,1
195,0,8,0,0,0,2,1,2,3,3,2,0,0,0,0,1,3,2,1,1,0,3,3,0,0,0,3,1,1,3,3,0,3,0,0,3,0,1,0,0,2,1,0,2,3,3,3,0,1,2,0,3,1,2,0,1,2,1,3,2,3,3,3,2,2,0,1,2,3,2,2,1,1,3,3,1,2,0,1,3,2,3,1,1,2,2,2,3,1,2,2,2,3,0,1,0,2,2,1,0,3,1,1,3,3,3,0,0,1,2,2,2,2,0,1,0,1,2,3,1,3,1,1,3,1,0,2,2,1,0,6f025fa3a97b0037bef8e95ae9e8040f4bb5dbac2fea19431c1456c6cbd0aaf9,1
180,5,11,0,2,1,2,2,2,3,3,1,0,0,2,2,2,2,3,3,1,1,1,3,0,0,0,1,1,3,1,2,0,0,2,1,3,3,2,1,0,2,2,0,3,0,2,2,0,1,3,3,2,0,0,3,0,2,3,3,2,1,2,0,1,0,3,2,2,1,2,0,1,3,3,3,3,0,2,2,1,2,0,1,0,1,3,0,3,2,1,1,1,2,1,3,1,0,3,1,0,3,0,2,1,2,3,0,1,0,0,3,1,2,1,1,3,1,2,0,1,0,1,3,3,2,3,3,3,0,0,1355fc25fb208409fca472bc0ddc0352079425e6a7733c28435ee90d508d2bc1,1
20,10,2,1,1,1,2,0,2,1,2,1,2,0,0,3,1,3,2,0,1,3,0,3,3,0,3,2,3,0,1,3,0,1,2,1,3,1,0,3,3,1,2,3,1,0,3,1,0,2,1,2,3,0,1,3,1,2,2,3,1,2,0,2,3,0,2,3,1,0,3,0,2,3,2,2,1,1,2,2,0,1,0,2,1,0,0,2,2,0,0,3,3,3,0,3,3,2,3,0,2,1,1,0,2,3,3,0,1,0,0,2,2,0,1,2,3,1,1,1,1,0,0,3,3,2,2,1,3,2,0,1024ecbf964ef9e129de184610ff99a92da45a6b38fa63a2529067d2d46c45e9,1
196,0,8,0,0,3,2,3,0,3,2,1,1,0,2,2,2,3,3,0,1,0,3,3,0,0,1,1,2,0,1,1,0,1,2,0,3,0,3,2,1,1,1,2,3,0,3,1,0,1,3,0,2,0,0,2,2,2,3,3,3,3,0,0,3,3,2,0,2,0,2,1,3,3,3,1,1,0,0,0,0,2,1,1,3,1,3,2,2,1,3,3,0,2,0,3,2,1,2,3,2,2,1,2,1,3,1,0,1,0,1,0,2,3,1,1,0,2,2,1,2,0,1,2,3,1,3,3,2,2,1,8f9383dc3979567601cef6c36a75c373da8c0d0fa1d7e53ca227cba98afe1b8b,1
163,13,6,0,0,1,3,2,1,3,3,0,0,1,0,0,1,3,2,3,2,1,3,3,2,0,0,3,0,2,3,3,0,3,0,0,3,0,0,2,1,2,2,2,2,3,1,3,0,0,3,1,1,0,3,0,1,1,1,3,2,3,2,3,1,3,0,2,1,3,1,2,2,0,2,2,1,1,0,1,3,1,3,0,2,0,3,1,3,2,0,1,2,3,1,2,0,2,0,2,1,2,1,0,3,3,2,2,1,0,2,1,3,0,0,3,2,2,0,3,1,2,1,1,3,2,1,1,0,2,0,073c665517aea8432a871f1b4d1afeb4a34fc3cc54c218f58915e8d2b5699b2f,1
228,0,9,0,1,2,3,0,2,3,3,0,2,0,2,2,0,3,3,1,2,3,1,3,3,0,0,2,2,1,0,1,0,0,3,0,3,0,1,2,0,1,3,3,3,2,3,0,0,3,2,0,3,1,1,3,1,2,3,2,2,2,1,0,2,0,3,3,1,1,3,0,1,2,3,3,2,0,1,2,1,1,1,1,0,1,1,3,1,0,1,2,2,3,0,3,1,1,1,0,1,2,0,1,2,3,3,0,2,0,0,1,2,1,0,3,2,1,2,1,0,0,2,3,3,2,3,2,2,2,0,2a26c6c930399c4c65580ff7549135980afcc269b0d5b83dd26b579dff067ebf,1
5,5,13,2,0,0,2,2,2,3,2,0,2,0,1,1,0,3,3,0,1,3,0,3,3,3,0,2,2,0,1,2,0,0,2,2,3,2,2,3,0,2,2,1,3,1,3,0,0,1,1,0,3,0,0,3,0,2,3,2,1,0,1,0,3,0,3,3,2,1,3,1,3,3,3,1,1,0,2,2,1,2,2,1,1,1,1,3,3,1,1,1,1,3,0,3,0,2,1,1,1,1,0,1,1,3,2,0,2,3,0,2,2,0,0,3,3,2,1,1,0,0,3,2,3,3,2,2,2,1,0,4462fafc84bad324c2c2d2ac5b0d5e1b87353e0972c72c18c9f4fba2fa1a840d,1
163,2,10,0,0,0,3,3,3,3,3,0,2,3,3,0,0,2,0,2,1,1,3,3,0,2,0,3,3,3,3,0,0,2,2,2,3,0,0,1,2,0,2,3,3,1,1,2,0,3,2,0,3,3,3,0,1,1,2,2,1,1,1,2,0,2,1,3,3,1,1,2,1,2,2,2,1,0,2,0,0,0,2,2,1,3,2,1,2,1,1,1,1,3,0,1,0,1,1,3,0,3,1,1,2,2,2,2,1,3,1,2,3,0,2,0,2,0,1,3,1,1,1,0,3,0,2,3,0,3,0,38efaa0eca0a4f2461a9e9493b35ce85b08ff8ce8ed17a33825a383b09b743eb,1
226,13,7,1,0,0,3,2,3,2,2,2,0,2,0,3,2,2,0,1,3,2,3,3,1,1,0,3,0,3,2,0,0,3,2,1,3,2,0,1,2,0,2,0,3,1,3,3,0,2,3,0,0,0,1,1,1,0,2,1,1,1,3,3,3,3,0,3,3,0,2,3,2,2,1,3,2,1,2,1,3,0,2,3,1,1,3,1,3,0,1,0,1,2,2,0,0,3,3,1,0,3,1,2,1,3,2,1,2,1,1,0,1,1,1,2,2,0,0,3,1,0,0,1,3,2,2,2,0,2,0,122f00b873ad0e358965c83ae9f464e9f96ae0f52777c282f5a381df1fd1268a,1
162,0,8,2,1,0,2,0,2,2,3,0,1,0,1,2,0,2,0,3,1,0,2,3,2,1,1,3,0,3,2,3,1,2,2,2,3,3,2,1,1,2,3,0,1,0,3,1,0,2,2,0,1,0,3,3,1,1,2,3,3,0,1,0,0,0,2,1,3,1,3,2,0,2,3,1,0,0,1,0,0,1,1,3,0,2,3,1,2,0,0,0,2,3,1,3,0,1,3,0,1,3,0,0,2,1,2,0,1,1,3,2,3,2,1,1,2,2,3,3,3,2,3,3,3,2,3,1,2,1,0,f13d118ad08a3f76183fc125da5f623601f9d98e3410b25f6aeb5de89d9c28c7,1
98,12,6,0,2,0,3,1,2,1,3,1,0,0,1,2,3,3,0,1,3,0,3,3,0,1,0,3,2,2,1,1,0,3,2,0,3,1,2,0,0,1,1,1,3,1,2,3,0,1,3,0,1,1,3,0,0,1,1,2,1,2,2,3,2,2,1,2,2,0,2,3,2,3,2,2,1,1,3,0,0,0,3,3,1,3,3,0,3,1,2,0,3,3,0,3,1,2,1,3,0,3,0,0,2,3,0,1,1,2,1,1,3,2,2,2,2,0,0,3,2,0,1,0,3,0,2,2,1,2,0,f0528bc21dd2eb0ef2d5fd7c9254a896f8ac476331bdd7051ecd578ee590c9fd,1
34,10,3,1,0,0,2,2,2,0,3,1,0,0,2,3,2,3,1,3,2,2,3,3,0,0,0,2,2,3,2,0,0,1,3,1,3,2,0,2,1,1,3,0,2,0,3,1,0,1,2,1,3,0,2,3,2,1,3,3,1,1,0,2,0,0,2,0,1,0,0,3,0,3,3,1,1,1,2,1,0,2,3,1,2,1,3,1,2,1,0,1,1,3,1,3,2,0,3,0,0,2,0,0,3,3,2,0,0,1,3,2,3,0,1,2,2,0,2,3,1,1,3,3,2,0,3,2,3,1,2,3e4eaa76794b87b346fadc85d726afa1996f8b2604bc3fab6dd09a27924e5417,1
100,14,8,0,0,0,1,3,2,3,3,1,0,1,2,0,1,3,1,1,2,1,2,3,0,1,0,3,2,0,3,3,2,3,0,1,3,0,0,0,1,0,1,2,3,3,1,3,2,3,1,1,1,0,2,0,1,2,0,2,3,3,0,2,2,3,0,0,1,1,2,1,1,0,1,2,3,2,0,2,3,3,3,1,1,1,1,0,2,2,0,0,3,3,0,1,3,2,3,1,2,2,2,0,3,3,2,2,3,1,0,2,2,0,1,3,1,1,2,2,3,0,2,0,3,2,0,0,2,3,1,3c3887d30a6c79123f5f2e4592540208586eb16e68343ec3659a371db288ec59,1
5,3,11,0,0,0,3,1,3,2,3,1,2,0,1,3,1,3,3,0,1,3,2,3,3,1,1,1,0,0,1,2,1,1,2,2,3,0,0,0,0,0,0,2,3,0,3,2,1,3,1,2,2,0,2,1,3,1,2,2,2,0,1,0,1,3,0,3,2,0,3,0,2,2,2,3,2,2,0,1,0,2,2,2,1,1,0,2,1,0,2,0,2,3,1,3,3,0,1,0,2,1,0,1,3,3,1,1,2,0,1,3,3,2,2,3,3,1,2,1,0,0,2,3,3,3,3,3,1,1,0,f253f0f08b963349279786093071c0ea830331d0634fbf3850e0416694b0bbeb,1
163,1,9,0,2,1,3,1,3,2,3,0,3,0,1,3,1,2,2,1,2,2,1,3,3,1,2,2,1,1,2,3,0,0,2,1,3,3,1,1,1,3,2,2,3,0,3,2,0,2,2,2,0,0,1,1,0,2,3,3,3,1,1,0,2,0,3,3,3,1,1,0,3,2,1,2,3,0,2,1,0,2,0,2,0,0,1,3,2,0,2,1,3,3,0,3,1,1,2,0,0,3,0,0,1,2,1,0,2,0,1,0,2,1,1,2,3,0,2,0,1,0,0,3,3,2,3,3,2,1,0,ff41c2c60f67bd7e8a22c5771ccf8d0a807c859c0a22908ea8850a0cb39761fa,1
243,15,8,0,2,2,3,1,3,1,3,1,2,0,2,3,1,3,2,0,3,3,2,3,3,0,2,1,1,1,1,2,0,0,2,0,3,3,1,1,0,0,2,1,2,0,3,1,0,1,3,2,3,0,1,1,2,2,3,3,3,1,1,2,2,0,2,3,1,3,0,0,3,1,1,3,0,0,2,2,0,2,1,2,0,1,1,3,1,2,1,2,3,3,0,2,0,0,1,0,0,2,0,0,2,2,2,1,1,1,2,1,2,0,0,2,0,1,3,1,3,0,0,3,3,2,3,3,3,3,0,f8075371ef2bd4cc496dcee5f4e7108be322764bbf5df206ae5dc226036415cd,1
130,10,4,0,3,2,2,2,1,3,3,1,1,0,1,1,1,3,1,3,3,0,3,3,0,1,2,3,0,0,2,3,0,3,2,0,3,1,2,2,0,3,1,2,1,3,2,2,0,1,3,2,0,1,2,2,1,0,2,3,3,3,3,3,0,3,1,2,1,2,3,1,2,0,2,3,0,2,0,2,2,1,3,1,1,1,3,2,3,0,1,1,1,3,0,1,0,2,0,0,0,1,1,0,2,2,3,2,0,0,3,2,2,0,0,2,1,0,1,3,1,3,2,0,3,1,0,0,1,2,0,0210893341a866ddfc67fed9db59ad44439ff62aa29a973131d09104e95b36f0,1
179,7,11,0,1,1,3,3,2,3,2,0,1,1,3,1,2,1,3,2,0,0,0,3,2,0,0,2,2,3,2,1,0,0,1,2,3,3,2,3,0,3,3,1,3,0,2,2,2,2,0,0,1,0,1,3,0,2,1,3,2,2,1,0,1,0,3,1,1,0,2,1,0,3,3,3,1,0,0,2,0,1,2,2,3,1,1,2,2,3,2,2,1,1,0,3,0,0,3,0,2,3,2,0,1,2,1,0,2,1,1,3,3,1,1,3,1,1,2,2,1,0,0,3,3,3,3,2,3,0,0,761ef785475cbbebfd15c76c7405152ce2b3bda054f270c1828996dba76c405d,1
146,9,6,0,0,1,3,3,3,2,3,2,0,0,0,2,1,3,1,2,2,1,3,3,0,0,0,3,1,2,3,3,0,3,1,0,3,0,0,1,0,1,0,1,2,3,3,3,0,0,3,0,1,0,2,0,1,0,2,3,3,3,2,3,2,1,1,1,0,3,2,2,3,1,2,2,1,1,2,1,3,0,3,0,1,1,3,1,3,1,1,0,2,2,1,2,0,2,3,2,0,3,0,0,1,3,2,2,1,0,3,2,2,0,0,2,2,0,1,3,0,2,1,1,3,2,1,2,1,2,1,29b700a7e7d1dacc1e24d0f8269dc2dc99f3baf4a0f37a80de5e15f1b26d5bd6,1
196,2,9,0,0,2,3,2,2,3,3,0,0,1,0,0,0,3,2,3,2,2,3,3,0,2,0,2,1,2,3,3,0,3,1,0,3,1,3,0,0,1,2,0,2,3,1,1,1,2,2,1,0,0,3,0,2,2,1,3,0,3,2,3,2,1,1,1,2,1,3,1,2,0,2,1,2,1,1,0,3,1,2,1,3,1,2,0,3,1,0,1,3,3,0,2,1,3,2,0,1,1,0,1,3,2,2,1,0,3,1,3,1,0,0,3,2,0,0,3,1,2,2,0,3,3,0,2,3,2,1,4f044663071e58f904f95ba8ec1a50d140964a4991aab984361e54147d94d70b,1
53,15,9,1,2,3,2,0,3,3,3,0,1,1,0,2,0,3,3,0,0,3,0,3,3,1,1,2,3,0,0,3,0,1,1,1,3,2,0,3,2,3,2,2,1,0,3,0,0,1,1,1,3,0,1,3,2,2,2,1,2,2,1,1,3,1,1,3,0,0,3,0,1,1,1,3,2,0,2,2,0,2,2,2,0,2,2,3,0,0,0,3,2,3,0,3,3,0,1,0,2,2,2,0,1,3,0,0,2,1,1,3,2,3,1,1,3,1,1,1,1,0,0,3,3,2,2,2,2,1,2,309222f7d0d9d460392cf2e86783172fe837f4ac4c193d98e60ad2a9ada3f038,1
196,4,13,0,0,1,3,0,3,3,3,0,2,0,1,3,1,3,2,1,1,3,1,3,3,1,3,2,2,1,1,3,0,0,1,1,3,2,1,1,0,2,2,2,3,0,3,3,0,1,1,1,1,0,1,3,1,2,1,3,3,1,0,0,2,0,2,3,2,1,2,0,2,3,2,3,3,0,2,2,0,1,1,1,0,1,1,2,2,0,1,1,2,3,0,3,2,0,2,0,1,3,0,1,2,3,2,0,2,0,0,2,3,2,1,2,3,0,2,0,0,0,0,3,3,2,3,3,2,2,0,fa7f64d8a84b4b5ca1e387eed017fc1cc2edd977ed349507518e9f07293e3dee,1
20,0,8,0,0,0,3,3,2,3,3,1,0,1,0,0,1,3,2,2,3,1,3,3,0,2,0,3,1,2,3,3,0,3,0,0,3,0,0,1,0,2,2,0,3,3,2,3,1,0,2,1,0,1,3,0,2,1,0,3,3,3,1,2,1,3,0,1,1,2,3,1,1,0,3,2,1,2,1,2,3,1,2,0,2,2,2,1,3,1,1,0,3,3,0,2,0,2,2,2,1,3,0,0,3,2,1,2,1,1,2,1,2,0,0,2,2,2,1,3,1,3,1,1,3,1,0,2,0,2,0,5272d3ef8e741ad2772dd7c8049dcd12cc9ef6fcd5faca2be73d327dd3617e54,1
98,8,3,0,0,2,3,2,2,0,2,1,0,1,1,3,1,3,2,3,3,2,3,3,3,0,0,2,1,2,1,3,0,0,3,2,3,1,0,1,0,2,3,2,3,0,3,3,0,2,3,0,1,0,1,2,0,0,3,2,2,2,1,1,2,0,2,2,2,1,1,0,2,1,3,3,1,0,2,0,0,2,1,2,1,1,2,3,2,0,2,0,2,3,0,3,3,0,2,0,0,3,1,0,1,3,1,1,1,1,0,1,3,0,0,3,2,1,1,3,0,1,3,3,3,2,3,2,1,1,0,2f5031f26d05a1751d9f7d6f48445d8d92390f698c1a7c64b87115d33f89e20d,1
34,5,2,0,2,0,2,2,3,3,3,1,0,0,0,2,1,3,2,0,2,0,3,3,0,1,0,3,0,2,2,2,0,3,2,0,3,1,1,1,1,2,0,1,2,3,3,0,0,1,2,0,0,1,2,1,2,0,2,3,3,3,3,3,1,3,2,1,0,3,3,0,2,0,2,3,0,1,1,2,2,1,3,1,1,1,3,3,3,1,0,0,0,3,1,2,1,1,2,2,0,1,1,0,2,2,3,1,0,0,3,2,2,2,0,3,1,1,1,3,2,2,2,1,3,1,2,0,1,2,0,650dc9b64e57e0ec600f6767835cc77ca0a24f215c2a1ad0d9789122158d82d7,1
180,14,9,0,0,2,2,0,2,3,2,0,3,0,2,3,0,3,3,0,1,3,1,3,3,1,2,1,2,1,1,3,0,1,2,0,3,1,0,3,1,1,2,3,3,0,3,1,0,3,1,1,3,0,0,3,1,2,2,1,3,2,0,1,3,0,2,3,3,1,2,0,2,1,3,2,3,0,1,2,0,1,1,2,0,0,0,3,1,0,0,2,2,3,0,3,2,1,1,0,1,2,0,0,1,3,2,0,2,1,1,2,2,2,0,3,3,2,1,1,1,0,1,3,3,2,3,2,2,2,0,165aedeb7633c013025d49970e0fae2fa3cbe067309582406f3f8cf3bf932811,1
99,13,4,0,0,1,3,0,2,3,1,0,3,0,1,2,0,3,2,3,2,3,1,3,3,0,2,2,2,0,1,3,0,0,2,1,3,1,0,3,1,1,1,3,2,1,3,1,0,2,2,0,3,0,1,3,0,2,3,2,2,2,0,1,3,0,3,3,1,0,2,0,1,0,2,3,2,0,2,2,0,1,1,2,1,1,1,3,3,0,1,2,3,3,0,3,3,1,1,0,1,0,2,0,0,3,3,2,2,1,0,1,3,2,1,2,2,2,1,2,0,0,1,3,3,2,3,1,1,2,0,68d14f615de94b90b4f3437226e49ffc8267291fe1dac890780f511272115918,1
98,12,6,0,0,2,3,1,2,0,3,1,1,2,0,2,1,3,1,3,2,3,1,3,3,1,0,2,1,1,2,3,2,2,2,1,3,1,1,1,0,1,2,3,3,0,3,2,0,2,3,0,1,1,1,1,1,0,2,2,1,2,0,0,3,0,0,1,1,0,3,1,1,1,3,3,0,0,1,2,0,2,2,2,0,0,3,3,3,2,2,1,3,3,0,3,3,0,2,0,0,1,3,0,0,3,3,0,0,1,0,2,2,0,1,3,1,3,0,3,0,1,3,2,2,2,3,2,2,2,1,edcdbca1525cb877eaab770b90500378a80c6ed422c2544287bb2762de2a7965,1
131,2,10,0,0,1,3,2,2,3,3,1,0,1,0,1,2,3,2,2,1,1,3,3,0,1,0,3,1,2,3,3,0,3,2,0,3,0,1,1,0,2,2,0,2,3,1,2,0,0,3,1,3,1,2,0,2,0,0,3,2,3,3,3,0,3,0,2,1,3,2,1,2,0,3,3,1,2,1,1,3,1,2,0,2,2,3,1,3,1,1,1,2,3,0,3,0,2,1,2,0,3,1,0,3,2,3,0,0,1,2,1,2,1,0,2,0,1,1,3,1,2,0,1,3,0,0,2,1,2,0,eda5313bdde6e0c6a80ce2df283febe0e326519c060802878a1c51bbf1e14034,1
83,3,11,0,1,0,2,2,2,3,3,0,0,3,0,2,1,0,3,3,0,1,3,3,2,1,0,2,1,3,3,0,1,3,3,3,3,3,2,2,0,2,3,0,1,0,2,2,0,1,1,0,3,1,1,3,1,1,2,3,1,1,2,1,1,1,3,0,1,0,2,0,2,1,3,0,1,1,2,2,0,2,0,2,2,2,3,2,3,2,2,1,1,3,0,3,0,1,1,2,0,3,0,0,1,1,3,0,0,0,1,1,2,1,2,3,2,0,1,2,0,2,3,2,2,3,3,3,3,0,0,58405ae0bd4dd7a55dc8b0bd5dabb1e6e9d325dcfc4a544310cebdeb16a6f29e,1
82,12,6,0,1,0,3,2,3,1,3,2,1,0,1,3,2,2,1,0,1,2,3,3,0,1,0,3,1,2,2,0,0,3,3,3,3,1,0,1,0,0,1,2,2,1,3,1,0,2,3,0,1,0,2,0,3,0,3,1,2,1,2,3,1,3,1,0,2,2,0,1,1,1,3,3,2,0,3,0,1,0,3,3,0,3,3,0,2,0,2,0,1,3,1,3,2,2,1,2,0,2,0,1,3,2,3,1,1,1,2,2,2,0,1,2,2,0,0,2,1,2,0,3,3,1,2,2,3,2,0,51c6d8a4312c4955c9f45d1f843cabe64c669537e6f1ff25ea4667cfb395447f,1
130,0,9,1,0,1,3,2,3,1,3,0,1,0,0,1,1,3,1,3,2,3,0,3,3,1,2,2,2,1,0,2,0,0,2,1,3,3,1,2,0,2,2,3,1,0,3,2,0,1,3,0,3,0,2,3,0,0,3,3,3,1,0,0,2,0,2,2,2,1,2,2,2,0,3,2,1,0,3,0,0,2,1,2,1,0,3,3,1,0,1,0,3,3,0,2,2,0,1,0,0,1,1,0,1,3,0,1,1,2,1,0,2,0,1,3,2,1,3,3,2,2,2,2,3,3,3,3,1,2,0,e34d92b1a6c1c8d404fe64c2284c2e8cfbab831c6bb0e97bbe0ba08d9927dc0f,1
52,6,12,0,0,1,3,2,2,3,3,0,2,2,3,1,0,2,3,1,0,0,1,3,2,0,0,1,3,3,1,0,1,0,1,3,3,2,2,2,0,3,2,2,3,0,2,0,2,1,3,0,2,1,0,3,1,1,2,3,3,2,2,1,0,0,3,1,3,0,2,1,0,3,3,2,1,0,2,2,1,1,1,3,2,0,3,1,2,1,2,2,0,3,0,3,0,0,3,1,1,2,0,3,1,2,1,0,1,0,0,3,3,1,1,1,2,1,2,0,2,1,0,3,3,3,3,1,2,2,0,2dd9cb734a7d39602928d517562f74891d4b3d983baf5c535f37a71d87f5ce2f,1
52,0,6,1,1,0,2,2,1,3,3,0,1,0,2,1,2,1,3,1,1,0,3,3,2,0,0,0,3,3,0,1,1,0,2,2,3,2,2,2,0,3,3,1,3,0,2,1,1,0,0,0,2,2,0,3,0,3,3,3,2,1,2,0,3,2,3,3,2,0,3,0,1,2,3,2,2,1,1,2,1,1,0,2,1,0,3,1,2,3,1,1,1,2,0,3,3,1,3,0,1,2,0,1,1,3,1,0,3,0,1,0,3,0,2,2,1,0,1,2,0,0,3,3,3,3,2,2,2,2,0,ca7283498b7425bc0ae2f811e1655438bc4a8b9cb8c2678b556f27108e056fe1,1
180,1,10,0,2,1,2,1,3,1,2,1,1,0,2,3,2,3,3,1,3,1,3,3,0,1,0,2,1,3,1,2,1,0,3,2,3,3,2,0,0,3,1,0,3,0,3,3,0,1,1,2,1,1,0,3,0,1,3,3,1,0,2,0,2,2,1,3,2,0,2,0,2,2,2,1,2,1,1,0,1,2,0,3,2,2,2,0,3,0,2,0,2,1,1,3,0,0,3,0,1,3,0,1,1,3,1,0,3,0,1,1,3,0,0,2,2,0,3,1,2,0,3,2,3,2,3,3,2,2,0,6f7a3303918c3c9eb9ab1f66d52b6e552533eb530b81b0f02717165307856f25,1
34,6,15,0,0,1,3,2,3,1,3,0,2,0,0,3,2,3,3,3,2,3,2,3,3,2,0,2,2,2,1,3,0,0,3,1,3,2,0,2,0,1,2,2,2,0,3,3,0,1,3,0,1,0,0,0,1,2,3,2,2,1,1,2,2,1,1,0,2,0,2,1,0,1,2,3,0,0,2,0,0,0,2,1,1,2,3,3,1,0,1,1,3,3,0,3,3,1,0,1,1,0,2,0,3,2,0,1,1,3,0,0,2,2,1,3,1,1,2,3,0,0,3,3,2,2,3,1,3,1,0,d436a5391d744f96dc351c1bbf677223dad7884e0ab6fc2d934a541d943f1e81,1
99,10,5,0,2,2,3,0,3,2,3,0,2,0,1,3,0,3,3,2,3,3,2,3,3,0,1,1,1,3,1,3,0,1,1,0,3,0,0,1,0,1,3,3,3,0,3,2,0,2,3,0,3,0,1,1,0,1,3,2,1,2,1,1,2,0,2,3,2,0,1,0,2,1,3,2,2,0,1,2,1,0,1,2,0,1,0,3,2,0,2,1,1,3,1,3,1,2,2,0,0,2,1,2,1,3,1,0,2,0,1,0,3,2,1,3,2,1,2,3,0,0,2,3,3,2,3,2,2,1,0,a240c376093ae77f4ef692cc565a4997ae27e5d72c52d5e380662715ba25cea8,1
129,6,3,3,0,1,3,1,3,1,3,2,2,0,3,3,1,2,3,3,3,1,3,3,1,2,0,3,1,3,2,1,1,0,3,0,3,2,0,2,1,1,3,1,3,0,2,0,0,1,3,1,2,0,0,3,2,0,3,3,1,0,1,0,0,2,1,0,1,1,2,2,0,2,2,0,0,1,2,2,1,0,3,3,0,0,3,2,1,1,3,1,1,3,2,3,1,0,2,2,2,0,0,0,0,2,2,0,0,0,3,1,2,0,3,1,1,0,1,3,2,1,3,3,1,2,2,1,1,1,2,0461409410360141e19788769f9dba75f6e26290d65c8b7b2ea1de07d7bcf26d,1
148,14,8,0,1,3,3,0,3,2,2,0,2,0,2,3,1,3,3,1,3,3,2,3,3,0,0,1,3,2,0,2,0,0,3,1,3,1,0,2,0,2,3,2,3,0,3,1,0,2,3,0,2,0,0,3,1,1,3,2,1,2,1,1,2,0,2,2,2,0,1,0,2,1,3,3,1,0,1,2,0,2,1,1,0,1,1,3,2,0,1,2,2,3,0,3,1,0,2,0,1,2,1,0,1,3,2,0,2,0,1,1,3,1,1,3,2,1,2,3,0,0,1,3,3,1,3,3,2,2,0,850cc13be42aa2652ecea502d1d2f7f00b348290826659a7f918ba7a641067fa,1
193,5,4,2,1,1,3,1,2,0,3,1,2,0,2,3,1,3,3,0,3,2,3,3,1,0,1,2,2,3,1,3,0,0,3,1,3,1,0,2,0,1,1,3,3,1,3,3,0,0,3,1,2,1,1,0,2,0,3,2,2,1,1,2,2,1,2,2,1,0,0,2,1,3,2,3,0,0,1,0,1,1,2,1,0,1,2,3,2,0,3,2,2,3,0,3,2,1,2,1,0,2,0,0,2,3,2,0,1,0,0,0,3,2,0,3,0,1,1,2,0,0,2,2,2,3,3,3,1,2,0,91bd43609dcdfcf9cc36a76352ae302f402da8cfd7d60fc6a2a1d95d962a4ce0,1
82,10,5,1,2,2,3,2,3,0,3,0,0,0,1,2,0,3,1,0,2,3,3,3,3,0,0,2,1,2,2,3,0,1,3,1,3,1,0,2,2,0,0,2,1,1,3,3,0,3,3,1,3,1,0,0,2,1,3,3,3,2,0,2,1,0,0,2,1,0,3,1,2,2,3,2,1,0,2,1,1,1,2,0,3,0,2,2,2,2,1,0,3,3,0,3,3,1,1,1,0,1,3,0,2,3,3,3,0,2,1,0,2,1,0,2,0,0,3,2,1,0,2,1,3,2,1,2,1,1,0,02ae03e6ef63885dfa9fddf9ed93e19a33fa670b8b6119bd8d7a9be815a73cc4,1
116,11,6,1,1,3,2,0,2,2,2,0,2,0,1,2,1,3,3,1,2,3,0,3,3,0,1,2,3,1,0,3,0,1,3,0,3,0,0,3,1,1,3,2,3,0,3,0,0,2,3,1,3,0,0,3,2,2,3,2,1,2,1,1,2,0,2,3,2,1,2,0,2,1,2,3,1,0,2,3,1,1,2,2,0,1,0,3,1,0,0,3,2,3,0,3,1,0,0,0,0,1,1,0,1,3,2,0,2,1,0,1,3,2,1,3,2,1,1,2,2,0,1,3,3,2,3,1,3,2,0,3a223c1882219b18c750204ed308df5ea7384525d1b783d78d45370eab85ffe8,1
178,12,9,0,1,1,3,0,3,0,3,0,0,1,1,3,1,3,2,0,1,3,2,3,3,1,3,2,2,0,2,3,0,0,3,2,3,2,0,2,1,1,0,2,2,0,3,3,0,2,3,1,3,0,0,0,2,1,2,2,3,0,1,0,0,1,1,2,3,0,1,0,2,2,3,2,1,0,2,1,0,1,1,2,1,1,3,3,3,0,0,1,3,3,1,3,3,2,2,1,1,2,1,0,2,2,1,3,0,1,2,2,2,0,0,2,1,2,1,2,2,1,1,3,3,3,3,3,0,0,0,f5d610ba3262aef35a6edb150741811249b6e73ea600a1c09b1028fd8b5cabf0,1
147,4,2,0,3,2,3,1,3,2,3,0,1,0,3,1,2,2,3,2,2,3,2,3,2,0,1,1,3,2,0,1,0,0,2,1,3,0,1,2,0,0,3,3,3,1,2,0,2,3,3,1,3,1,0,2,1,0,3,0,2,2,2,1,2,0,1,3,0,0,2,0,2,0,2,2,1,0,1,3,2,1,2,2,0,0,0,3,1,0,1,3,2,3,1,3,0,0,3,0,1,1,0,3,1,3,2,2,3,1,1,1,2,1,1,3,0,1,0,3,0,2,1,3,3,2,3,2,1,1,0,fede88143767fba2f473c2d1071092bf2b79a199d3468384856be7b46eec9d35,1
147,1,9,0,1,1,2,1,2,2,3,1,1,1,3,2,0,2,3,3,2,1,2,3,0,0,1,3,2,3,2,2,0,0,1,2,3,3,1,0,0,3,3,1,3,0,2,2,1,1,2,1,1,0,1,3,0,2,3,3,1,1,1,0,0,2,2,2,3,0,3,0,1,3,2,1,3,0,1,0,0,2,1,3,0,1,2,0,2,2,2,1,0,1,0,3,0,1,3,0,1,3,0,0,2,3,2,0,1,0,0,3,2,2,0,2,3,2,2,0,2,1,1,3,3,3,3,3,3,0,1,be8f31e4970d771b02dbc12c7877ce79d9034583f5ce8cdef1e195c0d975de2d,1
68,1,9,0,0,3,3,1,3,3,1,0,3,1,2,3,0,3,3,0,1,3,1,3,3,1,2,2,3,1,1,3,0,0,2,0,3,0,1,1,0,2,1,2,3,0,3,1,0,2,3,1,2,1,1,3,1,0,1,3,1,3,1,1,2,1,2,3,2,0,2,0,2,2,2,3,1,0,1,2,0,1,1,1,0,1,1,3,2,0,0,2,2,3,0,3,3,0,2,0,2,2,0,0,1,3,2,0,2,1,0,1,1,2,0,2,3,0,3,2,0,0,2,3,3,2,3,2,2,2,0,c8cd7e3cd5c0d76044808c003cceb2ce051b34fe26af409bdfa6f75b9b1c4144,1
98,11,8,0,0,1,3,2,3,0,2,0,1,0,1,3,2,3,1,1,3,2,3,3,0,0,0,3,1,1,1,1,0,2,2,2,3,2,1,3,0,0,1,3,2,3,2,2,0,1,3,0,0,1,3,0,0,0,3,2,1,0,2,3,1,3,1,3,3,1,1,3,1,2,2,3,0,0,3,0,1,0,3,3,0,3,3,1,2,1,2,0,2,2,0,3,2,2,0,3,0,2,0,1,3,3,2,2,2,2,2,0,2,1,1,3,2,1,0,1,2,1,0,1,3,2,1,0,1,2,0,9b45f7a52c28f5daa88144ceac7fa5ccb58aca70e56c794289fa378029673d6f,1
162,0,9,0,0,1,3,2,3,1,3,0,2,1,0,2,0,3,1,3,1,3,2,3,3,0,2,2,2,2,2,3,0,0,3,1,3,3,0,0,0,3,2,2,2,0,3,1,1,2,1,1,1,0,1,1,0,0,2,2,3,1,0,1,2,0,1,2,3,0,2,2,3,2,2,3,1,0,2,2,0,1,1,3,1,3,2,3,3,0,0,1,3,3,0,3,2,1,3,0,1,2,0,0,1,2,3,0,1,1,1,2,2,1,0,1,1,0,1,3,0,2,3,3,3,2,3,1,0,2,0,1b37cb34566a901f3b8d889c48b76fc6ec18a005071e4939de7802e1274ca883,1
130,14,8,0,2,0,2,2,3,3,3,1,1,0,2,0,1,3,2,0,2,1,3,3,0,0,0,3,1,2,2,3,0,3,0,0,3,0,0,1,0,0,0,0,3,3,3,2,0,1,3,0,1,1,2,1,2,1,2,3,3,3,1,2,0,1,1,1,0,2,0,2,1,0,2,3,1,1,2,2,2,1,3,1,1,2,3,3,3,1,1,2,0,3,1,2,0,1,1,2,1,1,0,0,2,2,3,1,0,0,3,2,2,3,0,3,1,1,2,3,2,3,2,1,3,2,2,3,0,2,0,a4a5c0c02ce444b0c531d4f65cf84a19d99ee91603d177f7b402747343deb8fb,1
179,0,9,0,2,3,3,0,3,2,3,0,1,0,2,3,0,3,2,0,1,3,1,3,3,0,2,2,1,1,2,2,0,0,2,0,3,3,0,1,0,0,2,1,2,0,3,1,0,2,3,2,3,0,1,2,2,1,3,3,1,2,0,1,2,0,1,3,1,3,0,0,3,2,3,3,1,0,3,1,0,2,2,2,0,2,1,3,1,2,1,2,3,3,0,2,0,0,1,0,1,2,0,0,1,2,3,1,2,1,1,1,2,1,0,2,1,1,3,1,2,0,1,3,3,1,3,3,2,3,0,475742ffcb9b7731802884ec899951a022fba144197efc3b085c6634d5e7224d,1
98,0,8,1,1,0,3,0,3,1,3,0,0,0,1,3,0,3,1,3,1,1,3,3,1,1,3,2,2,3,2,2,2,0,3,0,3,3,1,2,0,0,3,1,3,3,3,2,0,1,3,1,1,0,1,3,2,1,2,3,2,0,1,0,0,0,1,2,0,0,1,1,2,3,2,2,2,0,1,0,0,2,0,3,0,0,3,1,2,0,1,2,2,3,0,3,2,1,3,0,0,3,0,0,1,2,2,2,1,1,3,0,2,0,2,2,2,0,1,3,2,2,2,2,3,0,3,1,3,1,1,8f4e87ec4a190337310f6f28b273b8d43bdfa036bc06f5755d5b20b5fecd2f7c,1
20,2,11,0,1,1,3,2,3,2,3,0,2,1,2,1,1,3,3,2,2,2,1,3,0,0,0,1,0,3,2,2,0,0,1,2,3,3,3,2,0,3,3,1,3,0,1,2,0,2,3,0,1,0,0,3,1,2,2,3,2,2,1,0,0,0,3,1,2,0,1,0,1,2,2,1,3,0,0,1,1,2,1,3,3,1,3,1,2,1,3,2,2,2,0,3,0,0,3,0,0,3,0,2,0,2,1,0,2,0,1,2,3,1,1,1,2,1,3,0,2,1,1,3,3,3,3,3,2,1,0,3f1eed5e5c5f164e1e1344fd379db69bd39da1c721ca24b49ec16d385eb03ddc,1
227,1,10,1,3,1,3,0,3,3,3,0,2,0,1,3,0,3,2,1,2,2,2,3,3,0,2,2,2,1,2,3,0,0,2,1,3,2,2,1,1,3,3,2,3,0,3,2,0,2,1,1,1,0,1,1,1,1,2,2,3,1,0,0,3,0,2,3,3,1,2,0,2,2,1,2,3,0,0,0,0,2,0,2,0,0,2,1,2,0,2,1,3,3,0,3,2,1,2,0,2,3,0,1,1,3,1,0,3,0,1,1,3,1,1,2,2,0,1,1,1,0,0,3,3,3,3,3,1,0,0,6f78ee2d840cfcb27c2c9532c01c9eda46b508ae52e4a5ee16d80bb078d5970f,1
52,5,11,1,0,1,3,2,2,3,3,0,3,2,3,1,0,3,3,1,0,0,2,3,2,0,0,1,2,3,1,0,1,0,0,3,3,3,2,2,0,1,2,2,3,0,2,0,1,1,3,0,2,0,0,3,0,1,3,2,2,3,2,0,1,0,3,1,3,0,2,0,0,3,3,1,2,1,2,2,1,1,1,3,2,0,3,1,1,1,2,2,0,3,0,3,1,1,3,1,1,2,0,3,2,2,1,0,2,0,0,2,3,0,1,1,2,1,1,0,2,1,0,3,3,3,3,2,2,2,0,ad82d239615e74ab6c74ba45452014ca88729c0581244587eccca365ac3f383b,1
116,15,7,0,1,2,3,1,2,3,2,1,2,1,0,3,1,3,3,0,2,3,1,3,3,1,1,2,3,1,1,2,0,1,3,0,3,2,0,0,0,2,1,3,3,0,3,1,0,1,3,0,3,0,0,3,0,1,2,2,2,3,1,0,2,0,2,3,1,0,3,0,2,1,2,2,2,1,1,2,0,2,0,1,0,1,1,3,3,0,1,2,2,3,0,3,3,0,2,0,1,3,2,0,0,3,3,0,1,0,0,1,2,1,1,2,2,1,3,2,1,0,2,3,3,2,3,2,2,1,0,87122df669664ac386a1dda8358c736fb52b5f51fc4f41d578e7615c5e20beb4,1
117,4,12,0,1,1,3,1,3,3,2,2,1,0,3,3,2,2,3,1,3,2,2,3,2,0,0,2,2,3,1,2,1,0,1,0,3,3,1,0,0,2,2,1,3,1,3,2,1,1,1,1,2,0,0,3,0,1,2,3,2,0,2,0,1,0,3,1,2,0,3,0,0,1,2,1,2,0,2,2,1,3,0,2,0,2,2,0,1,0,1,2,2,2,1,3,0,0,3,0,1,3,0,2,1,3,3,0,3,0,2,1,3,2,1,1,3,0,3,1,1,0,0,3,3,3,3,3,2,1,0,aedaaaca1d1bb4d929ab50cb19a01609098be30302874331b723721776c7922e,1
162,13,7,1,1,2,3,2,3,3,3,1,0,0,0,1,0,3,0,1,2,0,3,3,1,1,1,3,2,0,2,3,0,3,2,0,3,1,1,1,0,2,0,0,2,3,3,3,1,1,2,2,0,1,3,3,2,0,0,2,3,3,2,3,0,3,1,1,0,3,0,2,1,0,1,2,2,2,1,2,3,2,3,0,2,0,3,2,3,1,0,0,1,3,1,2,0,2,2,1,0,1,0,0,2,1,2,2,1,1,2,3,2,1,1,3,0,0,0,3,1,3,2,3,3,2,2,1,0,1,0,fa84d82f05ee7123b6bbe7a6031577571ffb1659d8fad4813c19ae79c7e93d44,1
101,14,6,0,1,1,3,0,3,3,1,3,2,0,1,3,1,3,3,0,2,3,1,3,3,1,2,2,2,2,0,2,0,0,3,0,3,0,0,1,0,2,2,1,3,0,3,1,0,1,3,0,2,0,0,2,2,1,3,2,1,2,2,1,2,0,2,2,1,1,2,0,2,1,3,2,1,0,0,1,0,1,3,1,1,3,0,3,3,0,0,1,1,3,0,3,2,0,2,0,0,3,0,0,1,3,2,0,2,0,1,1,2,2,1,3,3,2,3,2,1,1,1,3,3,1,3,3,2,2,2,7ab4d092a288ec8a5893bb7c5d6787f7272ea283a6dc33163fea2fbc540f98da,1
178,11,4,0,1,1,3,1,3,0,3,2,2,0,3,3,0,3,3,0,2,3,1,3,3,0,2,3,2,0,2,3,0,0,3,2,3,2,0,1,1,1,0,2,1,0,3,3,0,1,3,2,3,0,1,1,1,0,3,3,2,0,1,0,2,0,0,1,2,0,2,2,1,3,2,3,0,0,1,2,1,1,3,1,2,0,2,3,1,0,0,0,3,3,1,3,2,1,1,0,2,1,2,0,2,1,2,2,0,2,2,2,2,1,2,3,1,0,1,3,2,0,1,3,3,3,2,1,1,1,0,66672464616435876d420956a100f5faf30b85ffb95ac16f7e55ed8ccabc914b,1
130,9,5,1,1,0,2,2,3,0,3,1,1,0,2,3,2,3,2,3,2,2,2,3,0,0,0,2,0,2,1,0,0,0,1,0,3,3,1,0,0,2,3,1,2,1,3,0,1,2,2,0,3,1,1,2,2,1,3,2,1,0,2,0,1,0,3,3,3,1,2,2,2,2,3,1,3,0,2,0,0,2,1,3,0,1,3,0,3,2,1,1,1,3,0,3,1,1,2,0,1,1,0,0,1,2,3,1,0,0,2,1,3,2,0,3,2,0,2,3,2,1,1,3,3,3,3,2,3,1,0,c14f33bc0538ab92bfc7e2e94dc267a3c78b95837addbc217e655bc5f9cee8f8,1
98,13,6,3,0,1,3,2,2,1,3,1,1,1,3,3,1,2,0,3,1,2,3,3,1,1,1,2,0,3,2,2,3,0,2,0,3,3,2,0,2,1,3,0,1,1,3,1,2,2,2,2,1,0,1,3,1,1,2,2,1,0,1,1,0,1,3,1,2,0,2,1,0,2,2,0,0,0,2,2,1,3,1,3,0,1,3,2,0,0,0,1,0,3,2,3,0,0,1,0,3,2,1,0,0,0,3,0,1,0,3,0,3,0,3,2,2,0,2,2,2,3,3,1,3,0,3,3,2,3,2,d02b305bc28830ee5d29e82fc228a4ff0b5fab2c30f4690422243aea0bb62d64,1
241,7,1,1,1,1,3,1,3,0,3,1,1,0,0,3,1,3,3,3,3,3,2,3,3,2,0,2,1,1,2,3,0,1,3,0,3,1,0,1,0,2,2,1,3,0,3,2,0,1,3,0,1,0,0,2,1,0,3,2,1,2,0,3,3,1,2,2,3,0,0,0,2,1,2,3,0,0,1,2,0,2,3,2,1,0,3,2,1,0,1,2,2,2,0,3,3,0,1,0,0,2,2,0,2,3,1,0,0,1,0,1,2,0,1,2,0,1,0,3,2,1,3,2,2,3,2,1,3,3,1,e177ab53cc59f13d995eb096073c5f99a4b4e438dec6adde9c1cde1f97b57adf,1
163,13,6,1,1,2,3,2,3,3,3,1,1,0,0,2,1,3,1,2,2,1,3,3,0,1,1,3,0,0,3,2,0,3,0,1,3,0,0,0,1,2,0,0,3,3,1,3,0,0,1,1,0,0,2,0,0,1,1,3,3,3,3,2,3,2,0,3,2,3,2,2,2,0,1,1,2,1,2,0,2,0,1,3,1,2,3,2,3,0,0,2,1,1,0,3,0,2,2,1,1,3,0,1,3,3,1,1,0,3,1,2,2,0,2,2,3,2,0,3,1,2,1,0,3,0,2,2,1,2,0,2aa1f7fd262f0e51d32485c5ecce5c5e90c6ea22fe7bfc5de7308141f6ee2c69,1
101,3,12,1,1,2,3,0,3,3,2,0,3,0,1,3,1,3,2,0,1,2,2,3,3,0,2,1,1,1,1,3,0,0,2,0,3,2,1,0,1,2,2,3,3,1,3,2,0,1,1,1,2,0,1,2,0,2,2,3,2,2,0,0,1,1,3,3,2,1,1,0,2,2,3,3,3,1,1,2,1,1,0,2,0,2,0,2,2,0,1,1,3,3,0,3,1,0,3,0,1,3,0,1,1,3,3,0,2,0,0,2,2,1,0,2,3,1,3,0,0,0,0,3,3,2,3,3,2,2,0,824c304d5b784a9ab910bd47a6cbc7b40fc0de8eec763c11b69385f315856347,1
66,14,9,1,2,0,3,2,2,1,3,1,2,0,3,3,1,3,2,3,1,1,3,3,2,0,0,2,1,1,0,0,1,0,3,0,3,0,2,0,3,1,3,2,2,1,2,3,0,2,3,1,2,1,0,3,1,1,3,3,1,3,0,1,1,2,1,2,0,1,2,2,0,3,1,0,0,1,0,1,1,1,2,3,0,2,3,0,3,1,0,2,1,3,1,2,2,1,1,3,3,1,0,0,1,0,3,0,0,0,3,0,3,0,0,3,2,1,2,3,2,0,2,3,3,0,2,0,1,1,2,4f217039f91cbf4170de8d8883badf6833d07a9dd0d46dcae568d24d8499dd9b,1
194,13,11,1,3,3,2,1,3,1,3,1,2,0,1,3,2,0,3,1,2,3,2,3,2,0,2,1,3,3,0,3,0,1,1,0,3,1,0,1,0,1,1,3,3,0,1,1,1,2,3,3,3,1,0,2,2,0,2,2,3,1,0,0,1,0,1,2,0,0,1,2,3,0,1,3,3,0,2,0,1,1,2,0,1,0,1,1,3,0,2,2,3,2,0,3,1,2,2,0,0,3,0,2,0,3,3,2,2,2,2,1,0,0,0,3,0,1,2,3,1,3,0,3,2,2,2,3,2,1,2,513b9587f69f3c32436596e0e882f560d5729b4c1b5da9f195cde95f482022d8,1
83,0,8,0,1,2,3,0,2,1,2,0,2,1,0,3,1,3,3,3,1,3,2,3,3,0,2,2,0,2,3,3,1,0,1,1,3,3,0,1,0,1,3,3,1,0,3,1,0,1,3,1,3,0,1,3,0,0,1,3,1,1,0,2,3,0,2,3,2,2,2,1,2,1,2,2,0,0,2,1,0,2,2,2,0,0,0,3,3,2,0,1,2,3,0,3,2,0,2,1,0,2,2,0,0,2,1,2,1,2,1,1,3,0,1,1,1,0,3,2,1,0,2,3,3,1,3,2,2,3,0,556a4bacaa021d334a8c17e528c49965081525d8c0e8248644936bef169f2aa8,1
131,14,8,0,0,0,1,2,2,2,3,0,0,0,0,0,2,3,2,3,1,0,2,3,0,1,1,3,1,0,3,3,0,3,1,0,3,0,0,1,1,2,2,0,2,3,1,2,1,0,3,1,3,0,2,0,1,1,2,2,3,3,2,2,1,3,1,2,0,3,3,1,1,0,3,1,1,2,1,2,3,0,3,0,3,1,3,1,3,2,0,3,2,3,0,2,2,2,1,2,2,1,0,2,3,3,3,2,0,1,2,2,1,1,1,3,1,1,0,3,1,3,2,0,3,1,0,2,0,2,0,066b447c5c2165523724de7f71774d241ada7e9af8bafc2da55a61fa131dfc80,1
163,1,9,0,2,1,3,1,3,2,3,0,3,0,1,3,1,2,2,1,2,2,1,3,3,1,2,2,1,1,2,3,0,0,2,1,3,3,1,1,1,3,2,2,3,0,3,2,0,2,2,2,0,0,1,1,0,2,3,3,3,1,0,0,2,0,3,3,3,1,1,0,3,2,1,2,3,0,2,1,0,2,0,2,0,0,1,3,2,0,2,1,3,3,0,3,2,1,2,0,0,3,0,0,1,2,1,0,2,0,1,0,2,1,1,3,3,0,1,0,1,0,0,3,3,2,3,3,2,1,0,aed8a2326cfc74fda85a00594069e7a1002cfebcb14ebfbdaf33843b241a323a,1
51,11,4,2,0,1,3,0,2,1,3,1,2,0,2,2,1,3,3,0,1,3,0,3,3,0,3,3,1,0,1,3,0,0,2,1,3,1,0,2,0,1,1,1,3,0,3,3,0,2,3,2,2,0,1,0,2,1,3,3,2,1,0,1,1,0,0,3,2,0,2,1,2,2,2,3,1,1,1,2,0,2,2,0,1,2,1,3,3,0,1,1,3,3,1,3,3,0,2,0,1,2,1,0,3,3,2,2,1,2,0,1,3,1,0,2,2,0,2,3,0,0,1,2,3,3,2,3,2,0,0,54c0fa7ec146ab5c9018ca3bf04dccc4eb05e3518d03346efbcd2aaf4ef9ca4d,1
228,8,14,0,1,1,2,2,2,3,2,0,1,1,2,2,1,3,3,2,1,2,0,3,3,0,0,2,1,3,1,1,1,0,0,3,3,1,1,2,1,2,2,1,3,0,2,0,1,1,1,1,3,0,1,3,0,3,2,3,2,2,2,0,0,0,3,3,1,0,3,0,0,3,3,2,1,0,2,1,0,2,1,2,2,2,2,1,3,2,0,1,2,3,0,3,0,1,2,0,2,3,0,0,0,3,3,0,2,1,0,3,2,1,0,3,3,1,1,0,0,1,3,3,3,3,3,2,1,2,0,dbb356caaba3f47e7703bc38455b674f69b3a3e5348678577dc63d2cc1683017,1
130,12,5,0,2,1,2,2,2,1,3,1,0,0,0,1,0,3,1,0,2,1,3,3,0,1,1,3,3,1,2,3,0,3,2,0,3,2,0,1,0,2,2,0,2,2,3,3,1,0,2,1,2,0,2,3,3,2,3,3,3,3,1,3,0,3,1,1,1,3,0,2,0,0,2,3,2,1,1,2,1,1,3,2,0,1,3,0,3,2,0,0,2,3,0,1,0,1,0,2,0,1,0,0,2,2,3,0,1,0,2,2,3,1,1,3,2,1,0,3,2,3,1,2,3,1,1,2,1,3,0,96ad15419d9c9b067eed2bab9fbe9341e7710dcdec6e1a7cafaa850db2693f74,1
130,15,8,1,0,1,3,2,3,2,3,1,1,2,0,1,0,3,2,0,1,2,3,3,2,1,0,2,1,3,3,3,0,3,1,1,3,0,0,0,0,0,1,2,2,2,3,2,0,0,2,3,0,1,2,0,1,0,3,2,3,3,2,3,0,3,0,1,0,2,1,2,0,1,3,2,1,1,3,2,3,1,3,0,2,1,3,0,1,0,2,2,3,3,2,2,0,1,0,3,0,1,2,1,2,2,1,0,1,2,2,2,3,0,1,2,1,1,1,3,0,2,0,1,3,3,0,2,0,3,0,fe333f862638003426a06f0976c123ccdea3743efd6478cc28e5f007450bfa02,1
51,0,11,0,0,0,3,3,1,2,3,0,2,1,0,2,0,2,0,2,1,0,3,3,0,2,0,3,1,1,0,1,0,3,3,2,3,0,1,3,2,1,3,1,3,2,2,1,0,0,2,0,0,1,3,0,1,0,2,1,0,2,1,3,1,3,1,3,2,2,1,2,0,0,3,3,0,1,2,0,1,0,3,3,0,2,3,1,2,1,3,2,2,3,0,3,1,1,2,2,1,2,0,2,3,2,2,2,2,3,1,3,3,0,2,1,2,1,0,1,1,1,1,0,3,3,1,2,2,3,0,e9253af405a77d0d2726137dbe34ed972526611eeec1fdfb9be2830678f0ad1a,1
145,6,1,0,1,2,3,3,3,3,3,3,2,2,0,3,1,2,2,1,2,1,2,3,0,1,0,3,2,1,1,0,0,2,3,0,3,1,0,1,0,0,1,2,2,2,3,1,0,0,3,2,2,1,1,0,1,0,2,1,3,2,3,3,0,3,0,1,0,1,3,3,0,2,3,3,1,0,3,2,0,0,2,2,2,2,3,0,2,0,2,0,0,2,1,2,2,1,1,1,1,1,0,0,3,3,1,0,0,2,3,1,2,2,3,2,1,0,0,3,1,2,1,1,3,1,1,1,0,3,2,dd6079563549a002cb394501db217701b22d7204c901f7b975eefcc093ba70d3,1
130,12,6,0,0,0,2,1,3,1,3,0,1,1,2,2,1,2,1,3,0,0,3,3,0,0,0,2,1,3,1,0,0,2,2,0,3,3,1,0,1,2,3,0,3,0,3,1,1,1,3,1,1,0,1,3,1,1,2,2,2,1,1,0,0,0,2,3,3,1,1,3,0,3,3,1,2,0,2,1,1,3,2,2,0,1,3,0,3,2,1,0,0,3,0,3,1,0,3,2,2,0,0,0,2,2,3,0,0,2,3,2,2,1,0,2,3,0,3,2,2,2,2,3,3,2,3,2,3,0,2,3e147146262a9cf7f514bee818ad14e50ed80a58cdb70b6fe9aff53786b87fe5,1
226,14,3,1,3,0,1,1,3,3,3,3,1,1,2,2,0,2,2,1,2,3,3,3,3,0,0,2,1,1,2,2,0,1,3,2,3,3,3,3,0,0,0,3,1,0,3,1,0,1,2,2,1,0,0,1,0,0,0,2,2,0,2,2,2,0,0,0,1,0,1,2,3,2,3,3,0,0,2,0,1,1,1,2,1,0,2,3,2,3,1,1,3,3,3,1,1,3,1,0,3,0,1,0,2,3,2,0,3,0,1,1,3,1,0,1,0,0,2,2,2,1,1,2,2,2,3,3,2,3,1,b1bd2d8a29aec25d8f390a61ca0ab097bb01ced3527fd34486009cb839396318,1
100,5,12,0,1,0,3,2,1,3,3,1,2,1,3,1,2,2,3,2,1,0,2,3,1,1,0,2,1,3,2,1,0,0,2,1,3,3,2,0,1,2,2,1,3,0,2,0,2,3,1,0,2,0,1,3,1,1,1,3,2,2,2,0,1,1,3,3,3,0,3,0,0,3,3,1,3,0,2,0,1,2,2,3,0,0,3,0,0,2,2,0,2,2,0,3,1,0,3,0,2,1,0,0,1,2,2,0,2,0,1,2,3,2,1,1,3,1,1,0,1,0,3,3,3,3,3,2,3,1,0,8ecacec7da90d7e94861e650272036ca99c45acd5410b293258acf0e5ff7f373,1
34,11,3,1,1,2,3,1,3,0,3,1,2,0,1,3,1,3,2,0,3,3,2,3,3,2,0,1,2,2,2,3,0,0,3,0,3,1,0,1,2,1,0,3,3,1,3,3,0,1,3,1,1,1,1,0,3,0,3,2,3,2,0,2,1,0,1,1,1,0,0,1,1,2,2,3,0,0,2,0,0,1,3,0,2,2,2,2,3,1,2,1,2,3,0,3,2,0,2,1,0,1,2,0,1,3,3,1,0,2,2,0,2,0,1,3,0,1,1,3,2,0,2,3,2,2,3,3,0,2,0,1c7c5ac0915c6ae302c9b0e44150859ff2a71ad7e3c8d9d44fabdca94f671e06,1
226,11,5,2,0,1,3,1,2,0,3,1,2,0,2,2,0,3,3,0,0,3,1,3,3,0,0,3,2,0,1,3,0,1,1,1,3,1,0,1,3,0,1,2,2,0,3,2,0,2,3,3,2,0,1,0,2,0,2,3,2,0,0,2,1,1,2,2,2,1,2,0,2,3,2,3,0,0,1,3,0,0,0,1,2,1,2,3,2,1,0,0,3,3,1,3,3,0,3,0,1,0,3,0,2,2,3,3,0,1,3,2,3,1,1,1,2,1,2,3,2,0,2,1,3,1,1,2,2,1,1,6bd73b7f7de92b2b93d5b629c90e441fd520d19ef6ce867db80267ec5817eabd,1
98,12,8,0,0,1,3,0,2,1,3,0,0,0,0,3,2,3,1,3,1,3,2,3,2,1,2,1,1,2,2,3,1,0,3,0,3,3,0,1,1,0,3,2,3,0,3,2,0,1,3,0,2,0,0,2,0,1,2,3,2,1,0,1,2,0,1,2,1,1,1,0,3,1,2,2,1,0,2,0,0,2,1,2,1,1,2,3,2,0,2,1,3,3,0,3,2,0,3,0,0,3,1,0,1,3,2,1,2,2,1,0,3,1,1,3,2,0,3,3,1,0,3,2,2,2,3,2,2,2,0,623ec8ba657f785878471c207227bc7506c0bb3b00fa779c2839cf1047f3481d,1
19,3,11,2,2,0,2,2,1,2,3,2,1,1,2,2,1,3,1,3,3,2,3,3,3,2,1,2,1,1,2,2,0,1,3,0,3,0,0,1,0,1,1,2,3,1,3,1,0,1,3,0,0,2,0,2,0,0,3,0,0,1,1,3,3,3,1,0,1,1,0,3,2,1,0,0,0,0,2,3,0,0,3,1,2,0,3,0,1,0,3,2,1,3,2,0,1,3,2,0,1,2,1,0,2,3,2,1,1,2,2,0,3,3,1,3,3,0,1,3,3,1,2,3,3,2,2,0,0,1,1,3ba1ae96663ce74be07c5552ee70f634dee032e886f74f0ce29111ade1460b1c,1
68,0,8,0,1,2,3,0,3,2,2,0,3,0,1,2,0,3,3,0,1,3,1,3,3,1,1,2,2,0,0,3,0,3,3,2,3,1,1,2,1,1,1,2,3,0,3,1,0,1,2,0,3,1,0,3,0,2,3,1,2,2,0,1,2,0,2,3,2,0,3,0,1,3,3,2,2,2,1,2,0,1,1,2,0,0,1,3,0,0,0,3,3,3,0,3,3,0,1,0,1,1,0,1,1,3,2,0,1,1,0,2,2,1,0,2,2,2,2,2,1,1,0,3,3,2,3,2,3,2,1,8c10d80e8c3f3a1a1dd47f65345090f2fe785038a7bc24d73eb131042c7c1f88,1
20,11,6,0,1,3,2,1,3,3,2,0,1,0,2,2,1,3,3,1,3,2,1,3,3,0,1,1,2,3,1,3,0,0,3,0,3,0,1,0,0,1,3,2,3,0,3,3,1,3,3,0,2,0,0,3,0,1,2,2,2,2,0,0,2,1,2,2,2,1,2,0,2,1,2,2,2,0,0,2,1,1,1,1,0,1,1,3,3,0,2,2,2,3,0,3,0,1,2,0,1,3,0,0,1,3,3,0,2,0,1,0,2,1,1,3,2,0,2,2,0,1,2,3,3,3,3,3,1,1,0,6fd3a42f4b7c7e9aa959b0574c0cf790d8dd34d530feb09a63493bb5b8b1683c,1
