index,BasePred,10,20,30,40,50,60,70,80,90,100
0,0.02376038208603859,0.4494895,0.79880315,0.92686397,0.9587553,0.96643007,0.9752687,0.9838475,0.9900287,0.99249935,0.99679285
1,0.001088466844521463,0.038373567,0.20143318,0.2783702,0.44279182,0.6479991,0.6810738,0.6741593,0.84059966,0.8163681,0.9687555
2,0.0012707748683169484,0.01317487,0.037680577,0.0724621,0.07966539,0.106573835,0.1469756,0.25008154,0.35082883,0.42747208,0.74462783
3,0.00331670418381691,0.10133402,0.5008083,0.63073105,0.71904486,0.8000752,0.9339003,0.93845433,0.9667692,0.988545,0.99207765
4,0.00011295334115857258,0.0012155968,0.0037076632,0.0062755914,0.009850698,0.013916663,0.02055949,0.025634708,0.03633653,0.06851676,0.109036714
5,0.019623706117272377,0.42135802,0.6812306,0.9228501,0.94128895,0.96862864,0.9820336,0.9851309,0.9920915,0.99634546,0.9985767
6,0.0027405014261603355,0.11999735,0.5397504,0.6717987,0.6627305,0.8518029,0.935079,0.96211123,0.98613864,0.98924196,0.99453837
7,0.002068327507004142,0.1159507,0.4180638,0.6976694,0.80413437,0.91001016,0.972496,0.9551742,0.9928985,0.9899136,0.99527484
8,0.0041528427973389626,0.13935526,0.46596712,0.705542,0.7748079,0.8917547,0.9630128,0.96164405,0.9784048,0.98954165,0.9947929
9,0.022397207096219063,0.3983809,0.82515585,0.8827471,0.9275959,0.97750497,0.97219443,0.9858041,0.9927773,0.9930817,0.9984172
10,0.011226342059671879,0.2343581,0.49053806,0.8493153,0.8408603,0.9560875,0.93249995,0.98368967,0.98890287,0.99702656,0.99195504
11,0.00451267883181572,0.10002024,0.37420252,0.3824145,0.5866216,0.8776009,0.8850492,0.85934377,0.97147256,0.98691934,0.9872099
12,0.10958454012870789,0.79989076,0.9611591,0.9740226,0.98223656,0.9910863,0.98485124,0.9969748,0.9995023,0.999654,0.9996914
13,0.008458666503429413,0.21842054,0.53858984,0.78703153,0.77389145,0.91429496,0.93933415,0.9636159,0.9862911,0.9952957,0.99704033
14,0.013350517489016056,0.09398498,0.26415706,0.29997486,0.4051961,0.45871332,0.5434218,0.5501358,0.7704151,0.6838505,0.85232866
15,0.009122430346906185,0.068177156,0.15200156,0.29470104,0.30869475,0.4717967,0.52465636,0.44351438,0.5726905,0.6964079,0.80062556
16,0.002946717431768775,0.11738701,0.45754102,0.5957295,0.8026182,0.73470604,0.9403553,0.96297807,0.9728082,0.9814538,0.9886171
17,0.0004462694050744176,0.010363353,0.04879065,0.054449808,0.111667275,0.23889752,0.26462254,0.43061462,0.46668467,0.7471011,0.7766179
18,0.00020603805023711175,0.0019574382,0.007101181,0.011351328,0.019034622,0.024063405,0.03397533,0.035978682,0.09814504,0.07993047,0.16716273
19,0.32220005989074707,0.9065706,0.980988,0.9874572,0.9933888,0.99623525,0.9954402,0.99790305,0.99889266,0.99955124,0.99972767
20,0.0003147540846839547,0.0036471079,0.015762316,0.02166993,0.032512814,0.046019696,0.07722348,0.11926255,0.11215139,0.28285274,0.31552213
21,0.006784701719880104,0.17582983,0.4264622,0.5961747,0.74135023,0.8096633,0.85624737,0.9412,0.9505442,0.9796066,0.990449
22,0.6720554232597351,0.9414162,0.97617054,0.9878446,0.98860216,0.99159634,0.9928246,0.99609584,0.9961073,0.9987153,0.99908286
23,0.0049333954229950905,0.03042159,0.060436178,0.11131618,0.12538923,0.16377506,0.16888307,0.24948452,0.3422403,0.34659088,0.4702103
24,0.0027682434301823378,0.08050356,0.5138184,0.638067,0.70995814,0.7795256,0.843065,0.91511947,0.9395554,0.9857245,0.98097837
25,0.013002822175621986,0.11096238,0.26152337,0.3145261,0.39901957,0.48076874,0.59966207,0.64569104,0.7230351,0.86393833,0.8772619
26,0.0007441728957928717,0.013576926,0.06355904,0.09402533,0.10538028,0.25231054,0.2934657,0.43218035,0.5722093,0.6340445,0.78401816
27,0.01215176098048687,0.31166476,0.7508807,0.7291851,0.94542015,0.93705904,0.95340425,0.9862944,0.98533154,0.9944438,0.9959195
28,0.0003713016922120005,0.0052055023,0.028233545,0.04180995,0.058480106,0.067091376,0.1137192,0.20239833,0.38239446,0.4177747,0.36143637
29,0.0011187051422894,0.013723527,0.0526881,0.06535089,0.13135728,0.1943883,0.20521905,0.31835753,0.47648832,0.5680076,0.624745
30,0.2797490358352661,0.81200653,0.9331296,0.9481398,0.96373045,0.98091924,0.98765975,0.99145496,0.9935878,0.9958998,0.9975966
31,0.028619596734642982,0.5437364,0.7917406,0.8585695,0.9083027,0.9820433,0.98142725,0.9877301,0.98673916,0.9993823,0.9988271
32,0.005575994960963726,0.055806052,0.187357,0.28787076,0.3537426,0.44721472,0.5209345,0.67866355,0.7025257,0.8810447,0.9012128
33,0.022626902908086777,0.41990894,0.79551995,0.8984183,0.94199276,0.937461,0.96183884,0.9805421,0.9964646,0.9937157,0.9956406
34,0.002649553120136261,0.020213174,0.06394468,0.08325826,0.10927479,0.19905563,0.18772885,0.24663544,0.39132196,0.4029194,0.5896012
35,0.004087456036359072,0.09857669,0.3184704,0.41995776,0.67165804,0.82641137,0.8272922,0.7999399,0.91676134,0.9586944,0.96827734
36,0.004697458352893591,0.18330388,0.6051526,0.761478,0.80119395,0.9021572,0.95692986,0.96844345,0.9793251,0.9957687,0.9984767
37,0.0016730105271562934,0.024188584,0.062209785,0.10957405,0.12689576,0.2525569,0.29981706,0.44290233,0.38086134,0.50768507,0.78702706
38,0.0013095876201987267,0.08917228,0.40998295,0.6037682,0.7536297,0.7691143,0.89358085,0.97637194,0.9499431,0.9768258,0.99134594
39,0.0020091829355806112,0.030799666,0.12418442,0.15343377,0.23314102,0.27339405,0.38992935,0.61358595,0.7497507,0.8553818,0.90454906
40,0.0014679576270282269,0.008794696,0.02354562,0.027982537,0.038154684,0.07102992,0.0934146,0.08983827,0.1381492,0.20456322,0.29203534
41,0.00040587878902442753,0.01139949,0.06983417,0.10889358,0.24942046,0.29538035,0.43834925,0.50545824,0.659691,0.8375644,0.85927373
42,0.004817598965018988,0.051392503,0.16618833,0.17471792,0.3444784,0.34689897,0.5170089,0.68789315,0.71112305,0.7732323,0.85030407
43,0.0011488189920783043,0.038414523,0.16902076,0.34815395,0.46686187,0.6585326,0.7120134,0.8658727,0.8676423,0.92269707,0.9792397
44,0.001241730060428381,0.024399243,0.13667554,0.31560594,0.32060888,0.63092375,0.5508907,0.7344006,0.6739255,0.8725909,0.9172622
45,0.011435073800384998,0.07059005,0.12669681,0.17418693,0.27120835,0.27771768,0.37176254,0.59997994,0.5950896,0.6043594,0.7036027
46,0.002758293878287077,0.07575797,0.25377753,0.5244575,0.65991634,0.65276635,0.8529987,0.87577957,0.95543146,0.97835606,0.99061745
47,0.0016986196860671043,0.016470725,0.06028809,0.08101876,0.12106121,0.17029169,0.27973333,0.2548074,0.47605377,0.4620337,0.66174406
48,0.00013935143942944705,0.0010874693,0.0030266866,0.006725782,0.005680095,0.008906625,0.015111932,0.024155531,0.028780207,0.04537249,0.10701103
49,0.0020989945624023676,0.07648364,0.37797615,0.4592165,0.6037182,0.87545973,0.8885314,0.8770325,0.9158735,0.9659355,0.99182063
50,0.006312084849923849,0.13430847,0.44419932,0.5810971,0.8180932,0.89295226,0.8982452,0.9660794,0.95957494,0.98754895,0.9911307
51,0.019006669521331787,0.36103314,0.76247567,0.9140176,0.9508025,0.9730414,0.9720604,0.98985213,0.9937432,0.9948974,0.9984861
52,0.0012707748683169484,0.0131954,0.03647719,0.048233267,0.080522925,0.11131442,0.17373477,0.2870685,0.46465933,0.40753648,0.513582
53,0.0003023388853762299,0.012457869,0.09810293,0.12135523,0.16831882,0.53992647,0.6258833,0.66287124,0.8258999,0.94831115,0.8957778
54,0.001433126861229539,0.03773659,0.19434887,0.25545976,0.41974828,0.5797437,0.5674847,0.87469655,0.847165,0.9235961,0.954702
55,0.16889651119709015,0.8834854,0.9859392,0.98990625,0.99034446,0.994685,0.9974784,0.9992653,0.99911016,0.9994636,0.999816
56,0.7116429805755615,0.98250616,0.99542964,0.99662954,0.99789375,0.99885255,0.9996991,0.99979025,0.9998699,0.999971,0.99992186
57,0.005192785523831844,0.17865704,0.59448606,0.59202474,0.8535184,0.84504485,0.94790685,0.9542943,0.9516054,0.9892467,0.99403524
58,0.006622609682381153,0.06339443,0.16746818,0.3073694,0.34296095,0.47947514,0.50955427,0.6516733,0.7920808,0.8559767,0.85445124
59,0.000316384102916345,0.009089966,0.043701362,0.0721694,0.17804581,0.24657905,0.4250103,0.5707229,0.5822407,0.7430788,0.7408649
60,0.20956553518772125,0.6882678,0.88540447,0.9049313,0.9437258,0.959401,0.97889155,0.9785443,0.9893459,0.99275863,0.9934264
61,0.0003627489204518497,0.008739268,0.048296727,0.114251696,0.15278007,0.3394318,0.5110709,0.50469893,0.60357445,0.59910744,0.83181417
62,0.016581609845161438,0.3528274,0.81252116,0.8044771,0.87741596,0.94332534,0.975794,0.9792536,0.9959514,0.9944334,0.99654764
63,0.007208941970020533,0.2107766,0.61563396,0.75060236,0.9240047,0.88945526,0.9696722,0.97720176,0.98807174,0.9951706,0.99599147
64,0.008077744394540787,0.10485431,0.39416617,0.55354965,0.6436283,0.6149822,0.80988157,0.8917447,0.92047125,0.95877075,0.9643344
65,0.008282587863504887,0.21200559,0.53245485,0.69232845,0.8409234,0.9134734,0.97531515,0.95373285,0.9689401,0.9882406,0.9921333
66,0.01819007284939289,0.12355602,0.23207736,0.31266066,0.43117973,0.5910426,0.52782196,0.6873156,0.69670904,0.7618927,0.8898031
67,0.000148913444718346,0.0023859912,0.008289698,0.021018721,0.0218335,0.05351536,0.06636518,0.07922911,0.15365954,0.27124792,0.17623197
68,0.0030702208168804646,0.093509845,0.39772767,0.5976279,0.8152096,0.7984991,0.83866465,0.921467,0.95302224,0.98356956,0.9832444
69,0.005413378588855267,0.17731532,0.6069452,0.5688126,0.7701586,0.8750033,0.8699106,0.94550866,0.9747976,0.99042696,0.9993166
70,0.016581609845161438,0.3528274,0.7456602,0.9145359,0.90438354,0.96103704,0.96790653,0.99191856,0.9917257,0.9941866,0.9951535
71,0.12787629663944244,0.7362803,0.90305924,0.969029,0.9768679,0.98557985,0.98778415,0.990267,0.9983466,0.9967634,0.998678
72,0.03046724945306778,0.19087192,0.29349083,0.41847062,0.602934,0.55833155,0.79357153,0.7567786,0.88835144,0.8375922,0.90636975
73,0.045466065406799316,0.29010352,0.54015154,0.7333184,0.7081111,0.81272674,0.83346134,0.8790683,0.91517127,0.94591963,0.9664351
74,0.007535417098551989,0.07423345,0.20049919,0.2877882,0.38621727,0.48835284,0.7099148,0.72510237,0.7198253,0.83575714,0.91649854
75,0.0006163350772112608,0.005894552,0.018317565,0.032203596,0.036604073,0.080558434,0.07467331,0.108462155,0.13826407,0.32887396,0.2777293
76,0.0033008737955242395,0.1269011,0.4264946,0.6746253,0.8884841,0.87468505,0.94481725,0.9851089,0.9837542,0.9945112,0.98778707
77,0.0014371400466188788,0.017727694,0.058041707,0.09461314,0.13981931,0.21898502,0.34231976,0.6716521,0.5740913,0.626987,0.82606035
78,0.005133348982781172,0.09784844,0.36907727,0.47964147,0.62304336,0.777012,0.7453075,0.80092657,0.9301802,0.946438,0.9472429
79,0.0011187051422894,0.013716183,0.054937612,0.079023086,0.09118718,0.11971515,0.27745834,0.3495782,0.46072096,0.5120414,0.6747353
80,0.0017043233383446932,0.041382052,0.10795096,0.2488488,0.32771528,0.46159607,0.6067662,0.8025813,0.8890219,0.96171266,0.95176756
81,0.04425504803657532,0.34589615,0.63578176,0.78300494,0.785739,0.8731908,0.9148384,0.9459901,0.95554185,0.9743187,0.98033535
82,0.004697458352893591,0.18755047,0.6745961,0.803382,0.8874982,0.9173031,0.958271,0.9890194,0.9924274,0.9983776,0.99565023
83,0.0014371400466188788,0.0177182,0.056477025,0.10354431,0.1451956,0.21880445,0.28276163,0.40370125,0.45624924,0.6261676,0.685803
84,0.019769448786973953,0.2204685,0.54243857,0.56040865,0.76395303,0.71708405,0.86946875,0.9035653,0.94582677,0.9332283,0.98180646
85,0.015275388024747372,0.2362244,0.678612,0.7287635,0.725693,0.8020522,0.9185382,0.94082063,0.9765351,0.9690172,0.985226
86,0.0051547205075621605,0.099006906,0.29730862,0.47822723,0.5013286,0.65183413,0.8433917,0.8416906,0.90623313,0.96526384,0.9609406
87,0.004444961901754141,0.03254851,0.088468336,0.1012333,0.19317777,0.22373018,0.22801933,0.33040184,0.37856486,0.43213192,0.6680799
88,0.005596303381025791,0.101847045,0.38431558,0.48469004,0.5921416,0.7908834,0.84094244,0.86514294,0.9321752,0.9429336,0.9809949
89,0.049442362040281296,0.60837495,0.9170971,0.9526577,0.97319645,0.97866523,0.9874608,0.99481076,0.99598306,0.99914396,0.9987965
90,0.0020919633097946644,0.06373253,0.3944735,0.5587133,0.59915715,0.6483159,0.8415436,0.91505027,0.93228465,0.9598499,0.9838039
91,0.0032743921037763357,0.088135034,0.45635962,0.6505095,0.582145,0.7412765,0.81170243,0.8436326,0.925611,0.98926294,0.9920093
92,0.013211160898208618,0.1834238,0.45620403,0.5424206,0.6826062,0.8812892,0.91482335,0.9434407,0.967188,0.9780721,0.9805195
93,0.004835585597902536,0.03321205,0.08169215,0.121719144,0.1644268,0.21504045,0.2868533,0.33993274,0.4526151,0.55251276,0.5947079
94,0.003906333353370428,0.058757555,0.15628204,0.31193924,0.6402231,0.55338573,0.682604,0.79924875,0.8891768,0.91784745,0.93378663
95,0.0084574269130826,0.17798045,0.558933,0.7200131,0.82845175,0.8745958,0.86445034,0.97119504,0.9855967,0.9797711,0.98547125
96,0.0011187051422894,0.01372352,0.057449162,0.05317651,0.11906104,0.15394294,0.3860093,0.36619765,0.39878792,0.607147,0.602155
97,0.0017461476381868124,0.013366305,0.040566165,0.053732492,0.08337991,0.14069241,0.17107078,0.17804193,0.26496378,0.5246287,0.41903272
98,0.009105954319238663,0.060432807,0.11877825,0.18613502,0.28856677,0.35986573,0.36924377,0.43334812,0.58548546,0.65750587,0.8463065
99,0.002568713389337063,0.031217942,0.1088613,0.15343335,0.22605169,0.336553,0.572782,0.5290137,0.67243165,0.77836686,0.88568324
100,0.09163638949394226,0.84725285,0.96708304,0.983492,0.9941822,0.99500436,0.99625045,0.9993044,0.99979097,0.99952453,0.9997503
101,0.003126539057120681,0.03922036,0.11612839,0.13791606,0.24018319,0.475161,0.53276676,0.6335413,0.6889004,0.72674227,0.8746902
102,0.03503692150115967,0.5531286,0.92324793,0.953135,0.97929984,0.97957027,0.98157525,0.99529797,0.99787146,0.99932444,0.9985386
103,0.00209771073423326,0.0359877,0.10373125,0.1384691,0.2468784,0.26475638,0.4881945,0.6946815,0.6992375,0.8245189,0.8442585
104,0.0017662838799878955,0.039380237,0.17857791,0.17343311,0.4270577,0.49200955,0.6457751,0.8445589,0.73670876,0.90238106,0.9444824
105,0.0013949109707027674,0.021103343,0.099466085,0.13690896,0.1848623,0.25452614,0.3406283,0.58764476,0.6471629,0.79195285,0.78582346
106,0.005899128038436174,0.184253,0.66940904,0.7533788,0.85439664,0.8221138,0.95869106,0.9627957,0.97996765,0.98736674,0.9962038
107,0.004256327170878649,0.0393478,0.1326326,0.16986573,0.25205186,0.30080733,0.45428848,0.61095685,0.60841924,0.7540424,0.80875623
108,0.0023108930326998234,0.0893654,0.4328629,0.49735448,0.69185084,0.81512594,0.929887,0.98017466,0.944939,0.9730092,0.9940938
109,0.008013123646378517,0.19035582,0.56967247,0.664438,0.84465283,0.89471215,0.97383046,0.96554,0.9700519,0.9866515,0.99539936
110,0.02545856311917305,0.4302974,0.7520718,0.85252595,0.9556821,0.9399378,0.9936268,0.9898671,0.98672986,0.994753,0.99539435
111,0.0043098521418869495,0.11218985,0.50788665,0.7514154,0.7235682,0.7197112,0.9452505,0.9355509,0.94733673,0.9696968,0.9922729
112,0.48800310492515564,0.88179046,0.9542655,0.96442574,0.97237086,0.97552675,0.9832647,0.9881526,0.99314594,0.9951372,0.99779665
113,0.09163638949394226,0.84725285,0.9691726,0.98690975,0.9957667,0.9942838,0.9982156,0.9983993,0.99922645,0.99979013,0.99988294
114,0.06550485640764236,0.427878,0.743645,0.7806987,0.836297,0.85504967,0.94060695,0.9348646,0.9610563,0.97373915,0.9816505
115,0.00021937364363111556,0.002501422,0.0077607823,0.013158419,0.020849349,0.035232946,0.032220233,0.04204193,0.097560085,0.12062794,0.15706491
116,0.012833972461521626,0.34011084,0.85155517,0.89518785,0.9646393,0.96934175,0.99272686,0.9921009,0.9959322,0.9966417,0.99893683
117,0.0005913861677981913,0.0064130756,0.020338722,0.038870294,0.04580721,0.081692025,0.090946674,0.15953714,0.20970632,0.5234303,0.45174173
118,0.0009525801870040596,0.010036698,0.038279276,0.06505539,0.063150145,0.111123115,0.24063651,0.23813145,0.31259635,0.35210475,0.5872572
119,0.003153624013066292,0.06660248,0.3174731,0.32603613,0.6166628,0.66980547,0.7942287,0.88535345,0.8260338,0.9174543,0.9696691
120,0.000844365160446614,0.008151278,0.02121197,0.047541857,0.06775694,0.09466308,0.10004912,0.13973896,0.23539004,0.30434614,0.5240252
121,0.017832456156611443,0.10240159,0.22039251,0.31874374,0.33257395,0.43292502,0.4383484,0.49817076,0.69428706,0.7274047,0.7704224
122,0.0030702208168804646,0.093509845,0.47554532,0.58831626,0.7334001,0.85613674,0.88574255,0.95603573,0.9689268,0.9731274,0.9819784
123,0.015457558445632458,0.39775118,0.85363954,0.9205489,0.94306564,0.9889897,0.996819,0.9865377,0.99615026,0.9985894,0.9990091
124,0.018601542338728905,0.12778424,0.33327556,0.3908706,0.44770262,0.5808755,0.6504657,0.7713561,0.73590505,0.82421154,0.87847644
125,0.1301744282245636,0.8413725,0.940988,0.9801458,0.9954061,0.997739,0.9972925,0.9991933,0.99897623,0.99965477,0.9997843
126,0.15113987028598785,0.84604263,0.96120894,0.986681,0.98695165,0.9968085,0.9958959,0.99856526,0.9993479,0.999529,0.99981654
127,0.0023442485835403204,0.01509127,0.026863351,0.039947882,0.065303005,0.07931036,0.14780632,0.18417755,0.23092642,0.29170442,0.3496092
128,0.010220316238701344,0.15096697,0.43489215,0.6868778,0.68442893,0.8276126,0.9063358,0.88855517,0.95577455,0.9627361,0.979015
129,0.005182283464819193,0.12384096,0.32182047,0.5653526,0.79203606,0.7972569,0.82453305,0.94797677,0.9802248,0.9290776,0.99231565
130,0.003576358314603567,0.08094125,0.29020506,0.5388712,0.7164029,0.7138194,0.73556244,0.9219124,0.93308204,0.95295656,0.9795485
131,0.041693054139614105,0.24071823,0.38883564,0.5475566,0.56887865,0.58760506,0.73517275,0.73022515,0.7866157,0.89927125,0.92338634
132,0.0002540074347052723,0.002806127,0.011602348,0.017498093,0.028650725,0.028067091,0.04855416,0.0839122,0.12302073,0.11812973,0.19485229
133,0.0015122628537937999,0.03677607,0.19743177,0.19098015,0.4450271,0.58082265,0.764556,0.80618095,0.9148673,0.9355935,0.9479653
134,0.005725765135139227,0.2149993,0.47088572,0.54162854,0.81899303,0.8374626,0.9362222,0.9796893,0.98207283,0.99717975,0.99220896
135,0.0015655176248401403,0.011530225,0.023997,0.03925482,0.07184741,0.07801517,0.11075348,0.26705423,0.24030061,0.25583342,0.40820774
136,0.0452355332672596,0.27441397,0.5056609,0.6085857,0.67720604,0.73153275,0.8216916,0.7742285,0.9253493,0.90837306,0.9739562
137,0.004402271471917629,0.11592856,0.50959545,0.62120885,0.75755376,0.8357561,0.8868893,0.9211103,0.9570919,0.9898946,0.99411196
138,0.028485748916864395,0.19058923,0.36734962,0.3836928,0.5501283,0.6411634,0.77620494,0.78007156,0.8015883,0.9205302,0.8724457
139,0.009904276579618454,0.075271055,0.21917501,0.22956736,0.34673825,0.34780928,0.4417248,0.5451335,0.5569518,0.69745755,0.74149925
140,0.0009545175125822425,0.024278304,0.1402063,0.13942868,0.23554201,0.55276495,0.65416926,0.75299823,0.6931929,0.94518995,0.9126274
141,0.17944487929344177,0.666382,0.87189865,0.87827796,0.9231898,0.9535155,0.98132795,0.97574997,0.9833515,0.9924443,0.99380726
142,0.015982741490006447,0.121786974,0.26678607,0.35693842,0.47121614,0.47116524,0.58334446,0.6755671,0.75967354,0.84108096,0.9012772
143,0.001969830133020878,0.036926843,0.15546638,0.17924957,0.27465567,0.46145457,0.4045525,0.68998414,0.7885104,0.871097,0.90663826
144,0.002457258990034461,0.06405208,0.17082632,0.38644984,0.5098684,0.56793,0.74603295,0.9152001,0.9032427,0.93983036,0.9568351
145,0.00038239636342041194,0.0039265836,0.011874793,0.021053787,0.042416092,0.05139997,0.090608984,0.06028733,0.10106733,0.20575978,0.31450975
146,0.0010286375181749463,0.0135692125,0.04931971,0.061840452,0.10318961,0.15504652,0.35717383,0.40994638,0.5294628,0.4640782,0.7177743
147,0.001274768146686256,0.016923042,0.057584457,0.09716857,0.17315204,0.18453567,0.27360737,0.34507054,0.44650587,0.58293873,0.6768332
148,0.001969830133020878,0.036926843,0.15182824,0.22652325,0.2716853,0.33721095,0.48328045,0.63078344,0.764545,0.8829186,0.92896473
149,0.028113441541790962,0.2885894,0.5710735,0.7028445,0.84735346,0.9073053,0.90389204,0.9243378,0.95539904,0.97354865,0.98625094
150,0.004561523906886578,0.13961263,0.57111305,0.7514667,0.8568822,0.89196277,0.9469224,0.97257775,0.98962295,0.9718562,0.9902605
151,0.5091244578361511,0.89613366,0.9536907,0.95732695,0.9749569,0.9898257,0.982956,0.99298453,0.99365836,0.9963714,0.99637306
152,0.00022931663261260837,0.0024110875,0.0079620145,0.009474348,0.014042433,0.02858636,0.052818827,0.12512404,0.16183951,0.13373472,0.17743944
153,0.0013283670414239168,0.012166731,0.027980473,0.040227797,0.055551566,0.092832476,0.1609606,0.29685843,0.29934105,0.3738636,0.48360717
154,0.017065197229385376,0.3649641,0.8234615,0.83555317,0.90129185,0.972193,0.98830545,0.98010945,0.99372447,0.9969839,0.99925643
155,0.0004663245636038482,0.005222778,0.023621738,0.034276407,0.06729225,0.09411099,0.13707322,0.08266662,0.21668474,0.33510584,0.42676494
156,0.020193366333842278,0.3960163,0.81530154,0.88027847,0.90779775,0.9172883,0.98663574,0.9806134,0.9920742,0.9965615,0.99706733
157,0.007627278566360474,0.20151614,0.5677173,0.76816756,0.8318136,0.95821387,0.9393157,0.98266673,0.97777104,0.9918522,0.99485564
158,0.0007988304714672267,0.007598038,0.022780206,0.04138807,0.05951401,0.08996453,0.08944305,0.16990077,0.12055344,0.30331185,0.39990875
159,0.001274768146686256,0.016923042,0.047643412,0.085957736,0.11676087,0.23481698,0.26812214,0.39683962,0.5304283,0.6609915,0.7118411
160,0.00024066284822765738,0.0027851213,0.010725014,0.017354801,0.03365455,0.044700168,0.056010358,0.06050465,0.094186775,0.16021715,0.23284058
161,0.018021682277321815,0.11872608,0.22218943,0.24733754,0.43116003,0.46820757,0.5674771,0.5727583,0.6835857,0.82318753,0.82082695
162,0.0004329188377596438,0.0042036087,0.011443669,0.022398565,0.038504906,0.051141236,0.044730596,0.09944542,0.15524511,0.14963944,0.41901076
163,0.001969830133020878,0.036926843,0.14472333,0.1822264,0.29874486,0.467145,0.55974656,0.5757053,0.8369597,0.9079299,0.9432527
164,0.01879664696753025,0.18819103,0.52445126,0.6353149,0.68203163,0.857473,0.8581571,0.93568325,0.9520947,0.94076836,0.9647809
165,0.0014529686886817217,0.031755287,0.1522196,0.27525863,0.26585978,0.3636305,0.5791178,0.61644816,0.74184173,0.8678838,0.9205244
166,0.0011705226497724652,0.010351945,0.030495677,0.037838146,0.05174775,0.08793608,0.105566755,0.15776522,0.19334702,0.32057416,0.27580371
167,0.0014649174408987164,0.018041294,0.06443933,0.14757396,0.16769631,0.18154086,0.29820302,0.34525743,0.44632584,0.60514367,0.689925
168,0.0021306441631168127,0.064681694,0.19213198,0.3910952,0.5967134,0.7513246,0.83642197,0.8403907,0.9377587,0.9525217,0.95992625
169,0.04256797581911087,0.6280779,0.84985054,0.9409732,0.9646401,0.98503584,0.99392253,0.99591494,0.9982404,0.9993416,0.9998117
170,0.0007127135177142918,0.011143294,0.03701085,0.0777495,0.14709815,0.19144934,0.26358435,0.373591,0.5311468,0.56004053,0.6906371
171,0.0007752185338176787,0.026165258,0.11558651,0.19159658,0.26857224,0.5338233,0.5016283,0.6370867,0.7526711,0.9096871,0.9103959
172,0.22679400444030762,0.7617299,0.89072037,0.92483914,0.9747057,0.97097296,0.9849862,0.99147326,0.99768215,0.9914446,0.99686897
173,0.016593830659985542,0.29520446,0.757475,0.86925304,0.88049465,0.94614094,0.91019624,0.9628736,0.9701961,0.9887393,0.9888174
174,0.0007616683724336326,0.009890627,0.036832858,0.054483686,0.06760104,0.10899653,0.14868842,0.24815117,0.33735102,0.4402335,0.5690608
175,0.019980695098638535,0.48208383,0.7864497,0.9308251,0.9583696,0.9773772,0.9882294,0.98982763,0.99827427,0.9994158,0.99725246
176,0.0015412765787914395,0.06660736,0.27190897,0.44031855,0.62629753,0.83839774,0.7942242,0.93481344,0.89039963,0.96351516,0.96655536
177,0.09163638949394226,0.84725285,0.96364003,0.9823336,0.9943327,0.9967005,0.9958538,0.99870723,0.99968004,0.99947566,0.99984694
178,0.004903211258351803,0.059119895,0.17391838,0.18946794,0.24408564,0.4892893,0.6064697,0.64090574,0.84513694,0.7996424,0.9113084
179,0.00020939117530360818,0.0072114947,0.014915449,0.023747316,0.092425935,0.15766914,0.30941355,0.3853941,0.46289453,0.5095601,0.67652136
180,0.000525820127222687,0.0052661053,0.016049014,0.02165008,0.035049055,0.033856187,0.08176701,0.09661304,0.11842397,0.21670647,0.3676373
181,0.00017061344988178462,0.0017825942,0.0072878455,0.011616644,0.014813754,0.021389963,0.02982504,0.039215833,0.056463383,0.12008955,0.13582966
182,0.001954733394086361,0.04570816,0.25038433,0.33207047,0.4389714,0.6141485,0.8206927,0.91824156,0.7986828,0.932001,0.9570812
183,0.0014371400466188788,0.017721368,0.06857683,0.11139577,0.1426101,0.1563434,0.2897901,0.4664638,0.57152987,0.5684092,0.77919835
184,0.002823642222210765,0.087239206,0.42783478,0.39350432,0.5469032,0.7760853,0.8639432,0.89885205,0.97009206,0.9773098,0.97648233
185,0.043554287403821945,0.49927634,0.8377019,0.90197897,0.9492622,0.95592445,0.98151463,0.9889219,0.9972058,0.9974711,0.9978975
186,0.02216208167374134,0.24563368,0.56485254,0.6796815,0.7098264,0.82815224,0.8774147,0.95860064,0.9388684,0.98837,0.9900457
187,0.0038472230080515146,0.06735388,0.22256084,0.3760013,0.55743396,0.5625181,0.74226016,0.84160966,0.8884683,0.90518075,0.9365543
188,0.001969830133020878,0.036926843,0.11069465,0.2656869,0.26745662,0.43268895,0.5913243,0.70449984,0.86301106,0.8327178,0.9139234
189,0.0003465152985882014,0.0037725288,0.012433975,0.020043826,0.028317884,0.035862006,0.07422346,0.119041726,0.16559987,0.15451704,0.19353448
190,0.007019189652055502,0.21256028,0.6167736,0.7808137,0.9337981,0.92994547,0.9602267,0.9897979,0.9836641,0.99624825,0.997871
191,0.03819156065583229,0.5314157,0.802108,0.9540609,0.97423947,0.96111196,0.9887339,0.9888227,0.991621,0.9989757,0.9987952
192,0.001969830133020878,0.036926843,0.15821658,0.22006138,0.3060876,0.36214072,0.5055375,0.69418496,0.70638204,0.91293806,0.8789628
193,0.0006687170243822038,0.020974046,0.16124405,0.21989685,0.41750717,0.4827778,0.69615227,0.68578434,0.8258152,0.88152945,0.91157305
194,0.007770247291773558,0.16968209,0.6035539,0.71178555,0.9203722,0.8465484,0.9423288,0.91454506,0.96538246,0.9837142,0.9847149
195,0.006654573604464531,0.19358762,0.59663624,0.84443545,0.7917795,0.9090092,0.9159465,0.97372335,0.98249257,0.99519056,0.9939688
196,0.0008943449938669801,0.009569979,0.029845873,0.03293558,0.06898496,0.09742796,0.09146084,0.16163869,0.2396603,0.26870218,0.5757063
197,0.013261639513075352,0.40099508,0.6473302,0.8551751,0.91409475,0.95586145,0.97567546,0.9851992,0.9939667,0.9944237,0.9985928
198,0.005135655403137207,0.072749786,0.2577767,0.32879803,0.36318576,0.4259372,0.6301237,0.7019186,0.87787735,0.89039826,0.96707803
199,0.018475709483027458,0.32673037,0.7164586,0.75754637,0.8696786,0.9330603,0.95633966,0.953999,0.99078786,0.9879955,0.9921826
